ID,SMILES
0,O=C(Nc1nncs1)c1cccnc1
1,COc1ccc(N2CCCN(CC3CCN(C(=O)C4CC4)CC3)CC2)cc1
2,Cc1[nH]nc(CCC(=O)NCCCOC2CCCC2)c1C
3,Cc1cc(C)n2ncc(C(=O)Nc3cccc(C(=O)O)c3)c2n1
4,CCn1ncnc1-c1[nH]cnc1-c1ccccc1
5,Cc1nnnn1CCN(C)c1ccccc1
6,COc1ccccc1C(=O)NCc1nc(C)cc(N2CCCCC2)n1
7,COc1ccc(Cc2cccc(C3CCN(C(=O)C4CCCC4)CC3)n2)cc1
8,O=c1c2ccccc2nnn1CCOc1ccc(F)cc1
9,COc1ccc(OCc2n[nH]c(-c3ncoc3C(C)C)n2)cc1
10,O=C(C1CCCN(Cc2cc3c(cc2O)OCO3)C1)N1CCOCC1
11,O=C(c1ccc(Cl)cc1)N1CCC[C@@H](C(=O)N2CCc3ccccc3C2)C1
12,Cc1cc(N(C)C)nc(-n2ccnc2)n1
13,CN(C)C1(CNC(=O)N2CCC=C(c3ccccc3)C2)CCOCC1
14,CC(C)n1cc(CN2CCC(c3nc(N(C)C)no3)CC2)cn1
15,CC(=O)N1CCN(C(=O)CCc2ccc(-c3ccccc3)[nH]2)CC1
16,CON(C)C(=O)c1cccc2c(C)c(C)[nH]c12
17,Cc1nc(Cc2ccccc2)sc1C(=O)Nc1cccc(-c2ccn[nH]2)c1
18,COc1cc2c(cc1OC)CC(=O)N(CCCN(C)C[C@H]1Cc3cc(OC)c(OC)cc31)CC2
19,COC(=O)N1CC(NCc2c(C)nn(C(C)(C)C)c2C)C1
20,CCc1nnc(Sc2nc3cc(C)nn3c3ccccc23)[nH]1
21,Cc1nn(C)c(C)c1NC(=O)CN1CCN(c2nccs2)CC1
22,COc1cccc(C(=O)C[n+]2cc(-c3ccc(F)cc3)n(C)c2N)c1
23,Cc1ccc(-n2cc(C)cn2)c(NC(=O)CN(C)C)c1
24,O=C(CN1CCCC(c2cncc(-c3cccc(Cl)c3)n2)C1)N1CCCC1
25,NC(=O)c1cnc(NC2CC2)nc1CCNC(=O)C1(c2cccc(F)c2)CCOCC1
26,C=CC(=O)N1CCC[C@@H](n2nc(-c3ccc(Oc4ccccc4)cc3)c3c(N)ncnc32)C1
27,COc1ccc(C)nc1-c1ccc(OC)c(OC)c1OC
28,O=C(NCc1nnc2c(O)nccn12)C1CCCC1
29,CC1(C)Cc2cc(CN3CCC4(CC3)NC(=O)N(Cc3ccccc3)C4=O)ccc2O1
30,Cn1c(=O)c2c(nc3n2CCN3Cc2c(F)cccc2Cl)n(C)c1=O
31,CNCc1cc(N(C)C)nc(C2CCCN2C(=O)C2CN(Cc3ccc(Cl)cc3)C2)n1
32,O=C(c1ccc(-c2ccncc2)cc1)N1CCC(O)(CN2CCCC2)CC1
33,Cc1nsc(NCc2cncs2)n1
34,COc1ccc(C2(NCc3cccc4ncccc34)CC2)cc1
35,CC(C)CCN1CCC(CNS(C)(=O)=O)CC1
36,CCOC(=O)N1CCC(Nc2nc3ccccc3s2)CC1
37,O=C(c1ccc(O)nc1)N1CCN(c2ncccn2)CC1
38,COCc1nn(CCCN2CCCCC2)c(=O)o1
39,COc1ccc2nc(C)nc(N3CC(CO)C3)c2c1
40,Cc1ccc(C(=O)C2CCN(CC(=O)NC(=O)Nc3ccccc3)CC2)c(C)c1
41,Cc1ccc(S(=O)(=O)N2CCC[C@H](C(=O)NC3CCOCC3)C2)cc1
42,C[C@H]1CC[C@H](n2c3cnccc3c3cnc(Nc4ccc5c(n4)CCN(C(=O)CO)C5)nc32)CC1
43,COc1ccccc1CNC(=O)c1cnc(C2CCN(C(=O)C(C)(C)C)CC2)nc1C
44,Fc1ccc(-c2ccc3c(c2)[nH]c2ccncc23)cn1
45,CCC(CC)N1CC[C@H](O)[C@@](O)(COc2cc(C)ccc2Cl)C1
46,Cc1nn(C(F)F)c(C)c1CC(=O)NCCNC(C)(C)C
47,CCCS(=O)(=O)N1CCCC(C(=O)N2CCc3ccccc3C2)C1
48,Cc1oc(C)c(C(=O)N(C)Cc2ccccc2N2CCOCC2)c1C
49,O=C(NCCc1ccc2c(c1)OCCO2)c1ccc2ccccc2n1
50,Cc1nn(C)c(C)c1-c1cc(C(C)(C)C)nc(N(C)C)n1
51,CC(C)c1nsc(N2CCC(Nc3cccnc3)CC2)n1
52,O=C(NC1CCCCC1)C1=CCN(C(=O)C2CC2)C1
53,Cc1nn(C)c2sc(C(=O)N3CCC(C(=O)O)(c4ccccc4)CC3)cc12
54,CCCCN(C)C(=O)Nc1cc(C)ccn1
55,Cc1ccc(Cn2nc(C)c(C(N)=O)c2Cl)cc1
56,CC(C)C[C@@H](CO)n1cc(-c2ccccc2Cn2cccn2)nn1
57,CCC(C)(C)N1CCN(C(=O)Nc2cnn(CC(C)C)c2C(F)F)CC1
58,Cc1ccc(-n2nc(C(C)(C)C)cc2NC(=O)Nc2ccc(OCCN3CCOCC3)c3ccccc23)cc1
59,CCn1nc(Cc2ccc(OC)cc2)nc1Cc1sc(C)nc1C
60,O=C1CC2(CCN(C(=O)NCc3ccccc3)CC2)Oc2ccccc21
61,CCCn1nccc1NC(=O)c1c(C)noc1C
62,NS(=O)(=O)N1CCN(Cc2c(F)cccc2N2CCCC2)CC1
63,CCOC(=O)N1CCN(C(=O)c2ccc3c(c2)OCO3)CC1
64,CCOC(=O)Nc1ccc2c(c1)N(C(=O)CN(CC)CC)c1ccccc1CC2
65,CO[C@@H](C(=O)Nc1cc2c(C)cc(=O)oc2cc1C)c1ccccc1
66,O=C(NC1CCCCCC1)c1ccc(CSc2nc3ccccc3[nH]2)cc1
67,CN(C)C(=O)c1cncc(N(C)CCN(C)C2CCCC2)n1
68,Cc1cc(C(=O)N(C)C2CCC2)n2nccc2n1
69,O=C1CCCN1c1ccc(CN2CCC(c3noc4cc(F)ccc34)CC2)cc1
70,[2H]C([2H])([2H])NC(=O)c1nnc(NC(=O)C2CC2)cc1Nc1cccc(-c2ncn(C)n2)c1OC
71,Cn1cnnc1CNc1ccccc1C#N
72,O=c1cc(CN2CCCCc3ccccc32)[nH]c2ccnn12
73,Cn1cnnc1CCn1ccnc1-c1cc2ccccc2s1
74,Cc1cc(C)n(-c2ccc(CNC(=O)c3ccc4c(c3)CCO4)cn2)n1
75,O=C(CCc1nnc(-c2ccsc2)o1)N1CCCc2cc(F)c(F)cc21
76,COc1ccccc1-n1cc(CNC(=O)N(C)Cc2c(C)nn(C)c2C)cn1
77,CCCn1ncc(CN2CCC(c3cc4cccnc4[nH]3)CC2)c1C
78,Cc1cc(C)c(NC(=O)c2cc(Cl)ccc2F)c(C)n1
79,O=C(NCc1ncc(-c2ccccc2)o1)C1CCCCC1
80,O=C(NC1=NS(=O)(=O)c2ccccc21)c1cc(-c2ccc(F)cc2)no1
81,O=C(CSC1CCCC1)N1CCC(n2ccnn2)CC1
82,CN(C)c1nccc(N2CCN(CCCCCF)CC2)n1
83,CNc1ncc(-c2nc(C3(c4ccccc4)CC3)nn2C(C)(C)C)cn1
84,O=C(NCCc1cnn[nH]1)C1Cc2ccccc2C1
85,Cc1nc(N(C)C)cc(C2(C)CCNCC2)n1
86,CC(C)(C)c1ccc(=O)n(CC2CN(CC3(O)CCCC3)C2)n1
87,Cc1cc(C)nc(NC(=O)N(C)C2CCC2)c1
88,CN(C)[C@@H]1CN(C(=O)CCn2cnc3ccccc32)C[C@H]1O
89,CNC(=O)N1CCc2nc3ccc(Cl)cn3c(=O)c2C1
90,CN(c1ncc(Br)cn1)C1CCS(=O)CC1
91,COc1ccc(-c2ccc(CN(CCN(C)C)Cc3ccncc3)cc2)cc1
92,COc1ccccc1C(=O)Nc1ccc2cc[nH]c2c1
93,CN(C)S(=O)(=O)CCCN1CCC(CCC(N)=O)CC1
94,O=c1[nH]c2ccccc2n1C1CCN(CCOc2ccccc2)CC1
95,CN(CC#N)C(=O)c1cccc(CN2CCCC2)c1
96,CN(C)c1cc(CNC(=O)C2CCOCC2)ccn1
97,CCOCC(=O)NCc1cc(C2CC2)n(C2CCCC2)n1
98,Cc1cnc(Cl)nc1-c1ccc(N(Cc2ccc(CNC(=O)C(F)F)cc2)C(=O)c2ccc(O)cc2O)cc1
99,CC(C)(C)CCCNC(=O)N1CCN(Cc2ccon2)CC1
100,CCCNS(=O)(=O)Nc1ncnc(OCCOc2ncc(Br)cn2)c1-c1ccc(Br)cc1
101,Cc1cnccc1-c1cnc(N(C)C)nc1-c1ccco1
102,CCc1nc(C)cc(N2CCCC3(CCNCC3)CC2)n1
103,CCN(CC(N)=O)CC(=O)N1c2ccccc2CCc2ccccc21
104,CN1CCC(=C2c3ccccc3CCc3sccc32)CC1
105,Cc1ccc(-c2cnc(N)cn2)c2cccnc12
106,COc1cccc(C)c1C(=O)N[C@H](CO)CCSC
107,O=C(NC1CCCC1)C(=O)c1ccc2c(c1)CCC2
108,N#Cc1ccc(C(=O)N2CCCO2)nc1
109,CCN1CCCN(C(=O)Nc2ccc(COC3CCCC3)cc2)CC1
110,CN(C(=O)CSC(C)(C)C)c1ccccc1C#N
111,CC(C)CN1CC[C@H](c2nc3ccc(C#N)cc3[nH]2)C1
112,Cc1n[nH]c(C2CCN(C(=O)NC3CCN(c4ccc(F)cc4)CC3)CC2)n1
113,O=C(c1ccccc1)N1CCN(C(=O)c2ccc(-c3ccccc3Cl)o2)CC1
114,N#Cc1cccc(-c2ccc(=O)n3c2[C@@H]2C[C@@H](CN(Cc4cccs4)C2)C3)c1
115,Nc1nc(N)c2c(Cl)c(Br)ccc2n1
116,COc1cccc(C(=O)Nc2nccs2)c1
117,COc1ccc(COc2ccc(Cc3cnc(N)nc3N)cc2OC)cc1
118,O=c1c2oc3ccccc3c2ncn1Cc1ccc(F)c(F)c1
119,Cc1cc(N2CCN(C(=O)OC(C)(C)C)[C@H](C)C2)ncn1
120,N#Cc1cccnc1NCCc1ccc(F)cc1
121,Cn1c(=O)n(Cc2cccc(OC(F)F)c2)c2cnccc21
122,CCCc1nnc(NCc2cn3ccc(C)cc3n2)o1
123,Cc1nc(CC2CCN(S(=O)(=O)c3cn(C)cn3)CC2)cc(NC2CCCC2)n1
124,O=C1Oc2nc3cc4c(cc3cc2CN1CCN1CCOCC1)OCCO4
125,Cc1cccc(-c2ncc(CNCc3ccccc3-n3cccn3)cn2)c1
126,COc1ccc(Cl)cc1NC(=O)CN1CCCN(c2ccc(C(F)(F)F)cn2)CC1
127,C=CC(=O)N(C)CCOc1c(N)ncnc1-c1cc(F)cc(NC(=O)c2ccc(C3CC3)cc2F)c1C
128,CCc1nc(NC(=O)c2ccccc2F)sc1C
129,CC(C)(C)c1cnc(CN2CCC(=O)Nc3cc(F)ccc32)o1
130,CCn1nccc1-c1cc(CC2CCNCC2)ncn1
131,CC1(C)COCCN1Cc1cnn(-c2ccccc2)n1
132,Cc1cc(NCC2(c3ccncc3)CC2)ncn1
133,c1ccc(C(c2ccccc2)c2noc(Cn3cnc(C4CC4)n3)n2)cc1
134,N#Cc1ccccc1Cn1nnc(-c2ccccc2)n1
135,CC(C)CN(c1ncnc2c1cnn2C)C1CC1
136,CC1CCN(C(=O)c2n[nH]c3ccccc23)CC1
137,Cn1cncc1CCNC(=O)[C@H]1CC1(C)C
138,CCNC(=O)N1CCC(c2nc(-c3ccccc3)no2)CC1
139,CCc1nc(C)cn2nc(-c3cc(=O)n4cc(C5CCN(C)CC5)cc(C)c4n3)cc12
140,CC(C)CNc1nnc(SCc2ccncc2)s1
141,COc1ccccc1-c1nn(-c2ccccc2)cc1CO
142,CCOC1CCN(c2ccnc(C(=O)NCc3ccccc3)c2)CC1
143,Cn1ccnc1-c1noc(NCc2ccccc2)n1
144,CCc1noc(C2CCC(NCC3CCC(F)(F)CC3)CC2)n1
145,Cc1nnc(NCC(=O)N2CCc3sccc3C2)c(C#N)c1C
146,Nc1ncnc2c1c(-c1ccc(Oc3ccccc3)cc1)nn2[C@@H]1CCCNC1
147,COc1cccc(Oc2ccc(NC(=O)CN3CCOCC3)cn2)c1
148,COC(=O)c1c(C)[nH]c(C(=O)N(C)Cc2ccc(OC)c(F)c2)c1C
149,CCc1cnc(NCc2ccc(CN3CCCC3)cc2)nc1
150,c1cc(CNc2ncc(-c3cnccn3)c(C3CC3)n2)ccn1
151,CCOc1ncccc1-c1nc(C)cc(NC)n1
152,Cc1nc(Cl)cc(Nc2ccc3c(c2)N(C)C(=O)CO3)n1
153,CN1C(=O)N(CC(=O)Nc2ccccc2-c2ccccc2)C(=O)C1(C)C
154,N#CC1(C(=O)N2CCN(Cc3ccccn3)CC2)CCCCC1
155,Cn1cc(C2CCN(CC(=O)N3CCc4sccc4C3)CC2)cn1
156,Cc1nc(C(=O)NCC(=O)O)c(O)c2ccc(Oc3ccccc3)cc12
157,O=C(Cc1c(F)cccc1Cl)Nc1cccc2cnccc12
158,COC(=O)Nc1ccc(Oc2nc3ccccc3o2)cc1
159,CCCn1ncc2[nH]c(-c3cc(Cn4cncn4)c(C)cc3C)nc21
160,CN(CCSc1ccc2nnnn2n1)Cc1ccccc1
161,CN(C)C(=O)c1ccnc(NCc2cccc(C#N)c2)c1
162,Cc1cn2cc(C(=O)N(C)CCO)cc(N[C@@H]3CCOc4cccc(C)c43)c2n1
163,Cc1ccc(Cl)c(OC[C@@]2(O)CN(C3CCC3)CC[C@@H]2O)c1
164,CCn1c(=O)n(CC)c2cc(N)ccc21
165,Cn1cc(C(=O)N2CCC(c3cc(C(F)(F)F)c4c(n3)CCNC4=O)CC2)ccc1=O
166,Cn1c(=O)c2c(ncn2C)n(C)c1=O
167,CN1C(=O)COc2ccc(NC(=O)CCN3C(=O)COc4ccc(Cl)cc43)cc21
168,CCc1nnsc1C(=O)Nc1cccc(-c2nnc3n2CCCCC3)c1
169,Cc1ccc(F)c(-c2noc(N)c2C)c1
170,c1cnc(-n2cccn2)c(CNC2CCCC2)c1
171,O=C(Cc1cn2ccccc2n1)N1CCC(n2c(=O)[nH]c3ccccc32)CC1
172,CN(C)C1(CNC(=O)N2CCCC(C)(C)CC2)CCOCC1
173,CN(C)C(=O)C1(Cc2ccccc2-c2cccc(F)c2)CCN(C(=O)C2CC=CCC2)CC1
174,CC(C)(C)n1ncc(C(=O)N2CCCn3ncnc32)c1C(F)(F)F
175,Cc1cccc(O[C@H]2CN(Cc3ccc(OCCCO)cc3)C[C@@H]2O)c1
176,C[C@@H]1NC(=O)N(CCC2Cc3ccccc3C2)C1=O
177,Cc1nc(CC(=O)NCc2ccccc2)cs1
178,COc1ccc(-c2cccc(C3CCCN(C(=O)C4CCCC4)C3)n2)cc1
179,CC(=O)Nc1cc(CCC2CCNCC2)ccn1
180,Nc1ncnc2ccc(-c3ccnc(F)c3)nc12
181,Cc1cccc(N2CCN(C(=O)c3cncnc3C(C)C)CC2)c1
182,Cc1cc(NC(=O)C2CCN(c3ccncc3Cl)CC2)no1
183,CC(=O)NCCCC(=O)Nc1ccc(Oc2ccccc2Cl)cc1
184,C#CCN1CCC(c2nc(Cc3noc(C)n3)no2)CC1
185,Cc1cccc(C(=O)N(C)CCc2cnccn2)c1
186,O=C(O)Cc1ccc(Oc2ccncc2)cc1
187,COc1ccc(OC)c(-c2cc(C(=O)N3CCCN(C(C)=O)CC3)no2)c1
188,C[C@H]1CN(C2COC2)CCN1c1ccc(Nc2cc(-c3ccnc(N4CCn5c(cc6c5CC(C)(C)C6)C4=O)c3CO)cn(C)c2=O)nc1
189,Clc1ccc(Cc2nc(-c3ccccc3)n[nH]2)cn1
190,COc1nccnc1N1CCC(C(=O)Nc2cccc(F)c2)CC1
191,COc1ccc(CCCN2CCN(c3cnn(C)c3)C(=O)C2)cc1F
192,CN(CCOCCOc1ccccc1-c1ccccc1)Cc1ccccc1.O=C(O)C(=O)O
193,O=C(CN1CCCC(c2cccc(-c3cccc(Cl)c3)n2)C1)N1CCCC1
194,CCOC(=O)N1CCN(C(=O)Nc2cccc3c2CCCC3)CC1
195,COCc1ccccc1CNc1ccc2cc(C#N)ccc2n1
196,N[C@@H]1CCCN(c2c(/C=C3\SC(=O)NC3=O)cccc2-c2ccccc2)C1
197,Cc1ccc(-n2cc[nH]c(=O)c2=O)cc1
198,Cc1ccc(CNC(=O)c2cccs2)cn1
199,CC(=O)NC[C@H]1C[C@]2(C)[C@@H](CCCC[C@]2(C)O)N1CC1(O)CCOCC1
200,COc1ccc(CN2CCc3nc(-c4cccnc4)nc(O)c3C2)c(C)c1C
201,Cc1cc(C)c(-n2cccn2)c(-c2cn(C[C@@H]3CCCO3)nn2)c1
202,Cc1ccc(CN(C)C(=O)c2cn(Cc3ccccc3F)nn2)cc1
203,N#Cc1ccccc1NC(=O)CCc1ccccc1
204,Cc1noc(OCC(=O)N2CCCCCC2)n1
205,O=c1ccc(-c2ccc(F)cc2)nn1Cc1ccncc1
206,Cc1cc(C(=O)N(C)CCCC2CCCC2)cc(C)n1
207,Cc1cc(C)c(S(=O)(=O)Nc2ccc(N(C)C)cc2)c(C)c1-n1cnnn1
208,CN(Cc1ccccn1)c1nc2ccccc2o1
209,CN1CCC(CNc2nccc3cccnc23)CC1
210,O=S(=O)(c1cccnc1)N1CCC2(Cc3ccccc3C2)C1
211,Cc1ccc(CN(C)c2ncnc3c2cnn3C)o1
212,CN(C)Cc1csc(-c2nccn2-c2ccc3c(c2)n(C)c(=O)n3C)c1
213,CNC(=O)c1cn(C)nc1CC1CCN(Cc2cnc(-c3ccc(OC)cc3)nc2)CC1
214,Cc1cc(Oc2ncccn2)ccc1NC(=O)c1c(C)oc(C)c1C
215,COC1(c2nc(Cc3ccccc3)no2)CCN(Cc2cnc(C)o2)CC1
216,COC[C@@H](O)Cn1c(C)nc2ccccc21
217,O=C(CCNC(=O)c1ccc(OC(F)(F)F)cc1)N[C@@H]1CCCc2ccccc21
218,COCC(=O)Nc1ccc(C)c(NC(=O)[C@H](OC)c2ccccc2)c1
219,Cc1ccc2c(CC(=O)N(C)Cc3nnc4n3CCC4)coc2c1C
220,O=C(c1n[nH]c2c1COCC2)N1CCC2(C=Cc3ccccc32)CC1
221,OCc1ccc(Cn2cc(-c3cc(F)ccc3-n3cccn3)nn2)cc1
222,Cn1ncnc1COc1nn2c(-c3cc(F)ccc3F)nnc2cc1C(C)(C)C
223,Cc1cc(F)c(C(=O)Nc2cccc(-c3nncn3C(C)C)n2)cc1-n1cnc(C2CC2)c1
224,Cc1ccc2nc3c(c(C(=O)NCc4nnc5n4CCC5)c2c1)CCCC3
225,Cc1ncccc1CNc1ccc(CC#N)cc1
226,Cc1cc(C(=O)N2CCC(C(=O)c3ccnn3C)CC2)sc1C
227,Cc1nccc(C2(C)CCN(CC(N)=O)CC2)n1
228,COc1cc2cc(N)c(C3CCN(C(=O)C(C)(C)C)CC3)nc2cc1OC
229,COc1ccc(C(=O)c2ccc(Cl)cc2)c(OC)c1
230,O=C(Cc1ccc(Cl)c(Cl)c1)N1CC(n2ccnn2)C1
231,CN(C)Cc1cccc(N/C(=C2\C(=O)Nc3cc(C(=O)N(C)C)ccc32)c2ccccc2)c1
232,CC#CCNc1ccc(-n2cnnn2)c(C)c1
233,CCCc1nn(CCCN2CCCCC2)c(=O)o1
234,N#Cc1ccc(Cn2cncn2)c(F)c1
235,CC1CCN(CC(=O)Nc2nc(-c3c[nH]c4ccccc34)cs2)CC1
236,NCc1cccc(C(=O)N2CCCC2)c1
237,CC(=O)Nc1ccc2nc(N3CCOCC3)sc2c1
238,CC(C)Cn1cnc2c1c(=O)[nH]c(=O)n2CC(C)C
239,O=C(CCn1nnc2ccccc2c1=O)Nc1ccncc1
240,COc1ccccc1CNC(=O)C(C)N1CCCN(c2ccccc2C#N)CC1
241,COc1cccc2c1OC(C)(C)[C@@H]1C[C@H]3CNCC[C@H]3O[C@@H]21
242,CC(C)c1cc(C(C)C)c(CC(=O)NS(=O)(=O)Oc2c(C(C)C)cccc2C(C)C)c(C(C)C)c1
243,CC(C)[C@H]1C(=O)N[C@H](CO)Cc2cc(NC(=O)/C=C/C=C/c3ccc(C(F)(F)F)cc3)ccc2N1C
244,COc1ccccc1C(=O)CSc1nncn1C1CC1
245,Cc1cc(C)cc(OCCN(C)C(=O)NCCS(=O)(=O)N(C)C)c1
246,CCN1CCC(Nc2ncnc3c2cnn3C)CC1
247,C[C@H](Cc1cc2c(c(C(N)=O)c1)N(CCCO)CC2)NCCOc1ccccc1OCC(F)(F)F
248,CC(=O)N[C@H]1CCN(C(=O)N[C@H](C)C(c2ccccc2)c2ccccc2)C1
249,O=C(CSc1nnc(-c2cccs2)[nH]1)N1CCCCCC1
250,COc1ccc(F)cc1CN1CCC(n2c(=O)[nH]c3ccccc32)CC1
251,Cc1nc(C2CCNCC2)cc(N(C)C)n1
252,CNC(=O)c1sc2ncccc2c1[C@H]1CC[C@H](CNC(=O)COc2ccccc2)CC1
253,O=C(O)c1c2ccccc2nn1Cc1ccccc1
254,CC(=O)c1cc(Br)cc(F)c1OCc1ccccn1
255,Cc1ccc(-c2noc3nc(C)cc(C(=O)O)c23)cc1
256,CSC1(CNc2cc(C)nc(C)n2)CCOCC1
257,CSCC[C@@H](CO)n1ccnc1-c1oc2ccccc2c1C
258,CCc1c(O)cc(O)c(C(=O)c2ccc(OCCN3CCOCC3)c(OC)c2)c1CC(=O)N(CCOC)CCOC
259,O=C(CCOc1ccccc1)N1CCCC1
260,Cc1cnc(NCc2ccccc2-n2ccnc2)nc1N(C)C
261,NC(=O)CN1CCC(Oc2cccc(F)c2)CC1
262,COc1ccc(CC2CN3CCN(C(=O)OCc4ccccc4)CC3CO2)cc1
263,CON(C)C(=O)c1cc2ccc(C(C)(C)C)cc2[nH]1
264,C[C@@H](/C=C\C(F)(F)F)Oc1cc(-c2cc(-c3cc(CN(C)C)cs3)cnc2N)ccc1C(N)=O
265,O=C(CCNc1ncccn1)N1CCc2ccccc2C1
266,COc1ccccc1CNc1n[nH]c2nc([C@H]3CCCN(CC(=O)N4CCCC4)C3)ccc12
267,O=C(Nc1nc2c(s1)COc1ccccc1-2)c1cnc(Cl)c(Cl)c1
268,C[C@@H](CO)Nc1nc(C(F)(F)F)nc2[nH]cnc12
269,Cc1c(C(=O)NC2CCN(CC3CCCCC3)CC2)cnn1C
270,CCCc1ccc(-c2cccc(C(=O)N3CCN(CC(N)=O)CC3)c2)cc1
271,CN1CCCn2c1cc(OCc1cc(F)c(Oc3ccc(C(F)(F)F)nc3)c(F)c1)nc2=O
272,Cc1ccc(-c2ccc(-c3nccn3CCCn3cnnc3)o2)cc1
273,CC(C)(C)NC(=O)c1cnc(-c2ccc(Cl)s2)s1
274,COc1ccc(OC)c(Cn2cnc3cn(C)nc3c2=O)c1
275,Cc1cc2nc(CCC(=O)N3CCC(c4ccc(C(=O)N(C)C)c(N)n4)CC3)[nH]c2cc1C
276,Cc1nc(N2CCNCC2)c2cnn(C)c2n1
277,CCOc1ncccc1-c1cc(Cl)ccc1O
278,Cc1c(-c2ccccc2)oc2c(C(=O)NCCCN3CCCCC3)cccc2c1=O
279,Cc1oc(C)c(C(=O)Nc2ccn(C)n2)c1C
280,O=C(O)CNc1nc(-c2ccccc2)nc2ccccc12
281,Cc1[nH]c2ccc(Cl)cc2c1CC(=O)N1CCC(Cc2ncncc2C(N)=O)CC1
282,CN(CC(=O)Nc1cccc(F)c1)C(=O)c1cccc(C#N)c1
283,Cc1nn(C)c2ncc(CNc3ccon3)cc12
284,Cn1nc(N)c2ccc(Br)cc21
285,Cc1cc(Nc2ccc(F)cn2)cc(C2CCN(C(=O)CCc3cccc(Cl)c3)C2)n1
286,CO[C@H]1COCCN(C(=O)c2cccnc2)C1
287,CCc1nc(CC)n(Cc2nc(C)cs2)n1
288,Cn1cc(Nc2nccc(N3CC4CCC(C3)N4C(=O)[C@@H]3CC3(F)F)n2)cn1
289,CC1(C)[C@@H]2C[C@H]1[C@@]1(O)[C@@H](C2)Oc2c(ccc(O)c2C(=O)NCCNc2ccccn2)[C@@H]1O
290,CC(=O)NC1(C(=O)N2CCCN(c3cccnn3)CC2)CCCCC1
291,CN1CCC(O)(CNS(=O)(=O)CC2CCCCC2)CC1
292,CCCS(=O)(=O)c1nc(NC2CC2)cc(-c2ccc3c(ccn3C3CC(C)(C)NC(C)(C)C3)c2)n1
293,Cc1cc(-c2cnn(CCNC(=O)c3sc(C)nc3C)c2C2CC2)on1
294,CNC(=O)CN1CCCN(C(=O)c2c(C)nn(-c3ccccc3)c2Cl)CC1
295,Cc1cc(-c2nccs2)nc(CC2CCNCC2)n1
296,Cc1cccc([C@H]2CN(C(=O)C3CCCC3)[C@@H]3CCN(CC4CC4)C[C@H]23)c1
297,CC1CCC(CNC2(CCO)CCOCC2)CC1
298,Cc1cc(C(=O)NCC2CCC3(CC2)OCCO3)[nH]n1
299,CN(CCO)C(=O)c1ccc(-c2cccc(C(F)(F)F)n2)cc1
300,CC(=O)N1CCC(Cn2ccnc2-c2cc3ccccc3s2)CC1
301,CC(=O)N1CCC(C(=O)Nc2nccs2)(c2ccccc2)CC1
302,CCN1CCN(Cc2ccc(Nc3ncc(F)c(-c4cc(F)c5nc(C)n(C(C)C)c5c4)n3)nc2)CC1.CS(=O)(=O)O
303,N#Cc1ccc(CN2CC(n3cccn3)C2)cc1
304,O=C(CC(=O)N1CCCC1)N1CCCC1
305,CN(Cc1ccncc1)Cc1cc2ccccc2nc1O
306,CN(C)CCN(Cc1ccccc1)Cc1ccccc1O
307,FC(F)(F)COc1ccc(CN2CCc3c(cnn3-c3ccccc3)C2)nn1
308,CCc1ccccc1S(=O)(=O)NCCc1cn[nH]c1
309,CNC(=O)c1cc(C2CCN(C)CC2)ncn1
310,Cc1nc2cc(NC(=O)CCc3c(C)nc4c(c(C)nn4C)c3C)ccc2o1
311,CO[C@H]1CC[C@@H](C(=O)c2ccc3nc4c(cc3c2)CCCO4)CC1
312,CN(C)c1cccc(C(=O)N2CCCC(c3cccc(-c4cccs4)n3)C2)c1
313,Cc1ccc(C(=O)NC[C@H]2Cn3ccnc3CO2)cc1
314,CC(=O)Nc1cccc(OC(=O)N2CCOCC2)c1
315,Cc1noc(C)c1CC(=O)N1CCc2[nH]c3ccc(Br)cc3c2C1
316,Cc1nc2ccccc2n1Cc1ccc(C(=O)O)cc1
317,COc1cccc([C@@H](C)n2cnc3cn(C)nc3c2=O)c1
318,Cc1nccc(-c2cccc(NCc3cc(C)on3)c2)n1
319,Cc1ccc2nc(C)c(C(=O)N3CCC(C(=O)Nc4ccncc4)CC3)cc2c1
320,Cc1n[nH]c(C)c1Cc1ccc(NCCC(C)C)cc1
321,C[C@@H](NC(=O)N1CCC2(CCN(C)CC2)C1)c1ccc(F)cc1
322,O=C(Nc1ccc2c3c(cccc13)CC2)c1ccnc(-n2cncn2)c1
323,CCOC(=O)Cc1c(C)[nH]c2c(-c3ccccc3)cnn2c1=O
324,Cn1cc(NC(=O)[C@@H]2CCCCN2C(=O)OC(C)(C)C)cn1
325,C[C@H]1CN2C[C@H](O)C[C@@H]2CN1Cc1cccc2ccccc12
326,COc1ccc2c(c1)C=C(CN1CCC(c3cc(-c4cncnc4)cc(C)n3)CC1)CO2
327,NC(=O)c1cccc(Cn2cnc3c(oc4ccccc43)c2=O)c1
328,CC(C)c1nnc(CN(C(C)C)C2CCOCC2)o1
329,CCN(CC)S(=O)(=O)c1ccc2c(c1)CCN2CC(=O)NCc1ccccc1F
330,NC(=O)CC1CCN(c2ncccn2)CC1
331,CN(Cc1ccc(N)nc1)c1ncccn1
332,Cc1c(CN2CCC(Nc3ncnc4sc(CC(F)(F)F)cc34)CC2)ccc2c1cc(C#N)n2Cc1cn[nH]c1
333,CC[C@@H]1C(=O)N(C)c2cnc(-n3ccnc3-c3ccc(F)cc3)nc2N1c1ccn(C)n1
334,Cc1nc(Nc2nccs2)cc(C2CN(c3ncccn3)C2)n1
335,COc1cccc(-c2ccc(C(=O)N(C)Cc3c(C)nn(C(C)C)c3C)o2)c1
336,CC(C)(C)c1ccc(CN2CCC(C(N)=O)CC2)cc1
337,Cc1ncccc1NC(=O)OC(C)(C)C
338,c1cc(Nc2cc(C3CC3)[nH]n2)nc(Nc2ccc3nc[nH]c3c2)n1
339,CN(CCc1ccncc1)c1ncccc1C#N
340,O=C(c1ccc2c(c1)OCO2)N1CCC(c2n[nH]c(C3CC3)n2)CC1
341,c1ccc(-n2ncc3c(-n4ccnc4)ncnc32)cc1
342,Cc1nc(NC(c2nccn2C)C2CC2)c2sccc2n1
343,O=C(NCc1cc(F)cc(F)c1)c1ccccn1
344,CCc1ccc(S(=O)(=O)NCc2ccnc(N3CCCC3)n2)cc1
345,CN(Cc1nc2c(s1)CCCC2)c1cnccn1
346,CN1CCN(S(=O)(=O)c2ccc(C(F)(F)F)nc2)C(C)(C)C1
347,O=C(c1cc(-c2cccc(Cl)c2)on1)N1CCC(n2cccc2)CC1
348,CCC(=O)Nc1ccc(F)c(NC(=O)N2CC=C(C)CC2)c1
349,CC(C)(C)OC(=O)NCc1ccc(C(=N)NC(=O)OCc2ccccc2)cc1
350,COc1ccc(Cc2ncnn2-c2ccc3c(c2)OCO3)c(OC)c1
351,COc1cccc(CN2CCC(Cc3ccc(-c4cccnc4)cc3)(C(N)=O)CC2)c1
352,CCc1nnc2n1CCN(C(=O)c1ccccc1Oc1cccnc1)C2
353,CC(C)N(CCCNC(=O)Nc1ccc(C(C)(C)C)cc1)C[C@@H]1O[C@@H](n2cc(Br)c3c(N)ncnc32)[C@H](O)[C@H]1O
354,Cc1cnn(CC2CC2)c1NC(=O)/C=C/c1ccccc1
355,c1ccc(Cc2n[nH]c(CSc3ccccc3)n2)cc1
356,COc1ccc(S(=O)(=O)CCC(=O)Nc2ccc3c(c2)N(C)C(=O)CO3)cc1
357,CCc1nc(C(N)=O)c(Nc2ccc(N3CCC(N4CCN(C)CC4)CC3)c(OC)c2)nc1NC1CCOCC1
358,Cc1cccc(NCCN2C(=O)CCC2=O)n1
359,NC(=O)COc1ncnc2ccccc12
360,CNCc1cc(N(C)C)nc(C2CCCN2C(=O)c2oc3ccc(Cl)cc3c2C)n1
361,CNCc1cc(N(C)C)nc(C2CCCN2C(=O)COC)n1
362,Cc1cc(C)c(NC(=O)c2ccnc(OC3CCC3)c2)c(C)n1
363,COc1ccc2nc3c(cc2c1)CNCCO3
364,O=C(O)c1ccc(CN2CC[C@H](c3nc4cc(Cl)ccc4o3)C2)cc1
365,O=C(O)/C=C/c1ccc(Cn2ccnc2)cc1
366,Cc1ccc(C(=O)NCC#Cc2ccccc2)cn1
367,C=CC(=O)N1CCC[C@H](n2c(=O)n(-c3ccc(Oc4ccccc4)cc3)c3c(N)ncnc32)C1
368,Cc1noc(CCNc2ncnc3ccccc23)n1
369,Cc1ccsc1-c1nsc(NC(=O)CN(C)C)n1
370,COc1cc(OC)c(OC)cc1CNC(C)(C)C
371,O=C(Nc1nccs1)c1c2c(nc3ccccc13)CCC2
372,COc1ccc(C(=O)c2ccccc2)c(Oc2nc3c(c(=O)n(C)c(=O)n3C)n2C)c1
373,CON(C)C(=O)Cc1c(C)[nH]c2ccccc12
374,CC(C)CN1C(=O)C(=O)N(Cc2ccccn2)C1=O
375,CCc1ccc(-c2nccn2Cc2c(C)nn(CC)c2C)o1
376,c1ccc(-n2cc(CNc3ncccn3)cn2)cc1
377,Cn1c(=O)n(C)c2cc(CN3CCC(c4ccc(Cc5ccccc5F)cn4)CC3)ccc21
378,COc1cc(Nc2ncc3c(n2)-c2ccc(Cl)cc2C(c2c(F)cccc2OC)=NC3)ccc1C(=O)O
379,Cc1cc(Nc2ccc(F)cn2)cc(C2CCN(C(=O)COc3ccccc3F)C2)n1
380,CSCCc1nc(-c2cc(C)nc3cc(F)ccc23)n(CCO)n1
381,CCCCn1nc(-c2ccc(C)o2)nc1CNC
382,Fc1ccc(F)c2c(NCc3ccc(N4CCOCC4)nc3)ccnc12
383,CN(CCC1CCCCC1)C(=O)c1ccon1
384,Cc1c(C(=O)Nc2ccc(N3C[C@@H](C)O[C@H](C)C3)nc2)cccc1-c1ccc(OC(F)(F)F)cc1
385,Cc1nnc2ccc(NCCOC3CCCCCC3)nn12
386,O=C(Nc1nc(-c2ccccn2)cs1)c1ccc(F)cc1Cl
387,CCc1nc2cc(-c3c(OC)cccc3OC)ccc2o1
388,CC1(c2nnc(-c3cc(-c4ccccc4)n[nH]3)o2)CCOCC1
389,CC(C)c1nccn1-c1cccc([C@@H]2CCCN2C(=O)CCc2ccccc2)n1
390,Brc1cc2c(cc1Cn1cncn1)OCCCO2
391,N#CCN1CCC(CNC(=O)c2c(F)ccc(F)c2F)CC1
392,O/N=C1/CCCc2c1cnc1ncnn21
393,Cc1cc(C(=O)N(C)CC2CCN(CCO)CC2)cc(C)n1
394,Cc1cccn(Cc2cccc(C#N)c2)c1=O
395,C#C[C@@](C)(CC)NC(=O)c1cc(F)cnc1NC1CC(F)(F)C1
396,Cc1cc2cc(C(=O)N(Cc3ccc4c(c3)OCO4)C3CC3)ccc2o1
397,Cc1c(C(=O)Nc2ccc(CO)cc2)nnn1Cc1ccc(Cl)c(Cl)c1
398,CNC(=O)Cn1ccc2cc(OC)ccc21
399,CS(=O)(=O)CCNC(=O)N1CC2(CCCC2)c2ccccc21
400,CC1CCN(CCNC(=O)c2ccncc2)CC1
401,CC(=O)N1CCN(c2c(Cl)cccc2NC(=O)COc2ccc(C(C)C)cc2)CC1
402,CN(Cc1cnc2ccccc2n1)S(=O)(=O)N1CCCCCC1
403,CC1(c2ccn[nH]2)CCN(Cc2ccco2)CC1
404,c1ccc(-c2n[nH]c(C3CCN(c4cnc5ccccc5n4)CC3)n2)cc1
405,CCn1nccc1CNc1ncccn1
406,Cc1nn(C)c(C)c1CCC(=O)N1CCCc2ncccc21
407,O=C(O)c1ccccc1-n1cnc(CN2CCCC2)c1
408,O=C(COc1ncnc2ccccc12)NC12CC3CC(CC(C3)C1)C2
409,CN1CCC(NC(=O)COc2ccc(C#N)cc2)CC1
410,COc1cc2c(cc1NC(C)=O)oc1ccccc12
411,CNCc1cc(NC)nc(C2CCCN2C(=O)COc2ccccc2OC)n1
412,CCCCN1CCN(C(=O)c2cccc(-c3ccc(CO)cc3)c2)CC1
413,Cc1ccc(-c2cc(NC(=O)CN3CCOCC3)on2)cc1
414,c1cnc(NCc2cccc(-c3cccnc3)c2)nc1
415,CN(CC(=O)Nc1cc(F)cc(F)c1)c1ccnc(C(N)=O)c1
416,Cc1cccc(N(C)Cc2cnc(N(C)C)nc2)n1
417,CCC(=O)NCc1cc(C2CC2)n(C2CCCC2)n1
418,COCC1CCN(c2noc(-c3cccs3)n2)CC1
419,Cc1cc(C#N)cc(N2CCc3c(ncn3CCc3ccccc3)C2)n1
420,Cn1cc(NC(=O)c2cnn3cccnc23)c(C2CCCCC2)n1
421,Fc1ccc(CNc2nnc(-c3ccc4c(c3)OCO4)o2)cc1
422,CN(C)C(=O)COc1ccc(N)c(F)c1
423,Cc1ccc(C)c(OCC(=O)N2CCC(C(=O)Nc3ccccc3)CC2)c1
424,Cc1ncsc1C(=O)N1CCCCC1c1nc(N(C)C)ncc1-c1cccc(Cl)c1
425,O=C(NCC#CCN1CCc2ccccc2C1)NCc1ccc(F)cc1
426,Cc1noc(-c2ccc(-c3ccc(CC(=O)O)cc3)cc2)c1NC(=O)O[C@H](C)c1ccccc1Cl
427,C=CC(=O)Nc1cccc(Nc2nc(Nc3ccc(OCCOC)cc3)ncc2F)c1
428,CCc1cnccc1C(=O)Nc1cnccn1
429,CCN(CC)CC(=O)Nc1ccc(Oc2ccc(C)nn2)cc1
430,O=C1NCCN(C(=O)c2ccncc2)C1c1ccccc1Cl
431,CCOC(=O)c1ccc(-n2cc(Cc3cnc(OCC)nc3)c(=O)nc2SCc2ccc(F)cc2)cc1
432,O=C(NCCN1CCC(O)(c2cccc(F)c2)CC1)c1cccc(F)c1
433,O=C1CC(N2CCCN(c3ccc(C(F)(F)F)cn3)CC2)C(=O)N1c1ccccc1
434,CCC(CC)NC(=O)c1cc(C)nc2onc(C)c12
435,CC(=O)c1c(C)c2cnc(Nc3ccc(N4CCNCC4)cn3)nc2n(C2CCCC2)c1=O
436,CC(C)C(=O)Nc1ccc2cnn(C(C)C)c2c1
437,COCc1ccccc1COC(=O)c1ccc(C)nc1
438,Cc1noc(C)c1CS(=O)(=O)Cc1cccc2c1OCCO2
439,Cn1ccc(CSc2n[nH]c(-c3cc(F)cc(F)c3)n2)n1
440,CCOc1ccc(Nc2nc(-c3c(C)nc4ccccn34)cs2)cc1
441,Cc1noc(COc2cccnc2C)n1
442,O=C(CCc1cn[nH]c1)NCCCn1cc(Cl)cn1
443,O=C(NCc1nc(-c2cnccn2)n[nH]1)C1Cc2ccccc2C1
444,Cc1nc(N2CCN(C)CC2)nc(C)c1NC(=O)C1CCCCC1
445,CN(Cc1ccccc1Br)C(=O)Nc1ccc(C(=O)N2CCCC2)cc1
446,CN(C)CC(=O)N1CCC(c2ccc(NC(=O)c3nc(C#N)c[nH]3)c(C3=CCCCC3)c2)CC1
447,Cc1ccc(C)c(NC(=O)CN2CCCN(c3ccc(C(F)(F)F)cn3)CC2)c1
448,Cc1cc(Nc2nnc(C)s2)cc(C2CN(C(=O)Cc3csc(C)n3)CCO2)n1
449,Cc1cccnc1CNc1ccc(C#N)cc1F
450,CC(C)c1nc2c(n1C)CCN(c1ncnc3ccccc13)C2
451,O=C(CC[C@@H]1CCCN2CCCC[C@H]12)NCc1ncc(Cl)cn1
452,Cc1cc2c(C(N)=O)cccc2n1-c1nc2c(c(NCc3ccccc3)n1)COCC2
453,N#Cc1cccnc1NCCc1cn2c(n1)CCCC2
454,Cc1nc(CN2CCC(CNC(=O)COc3ccccc3Cl)CC2)c[nH]1
455,O=C1c2cccc3cccc(c23)C(=O)N1CCN1CCOCC1
456,O=C(c1cccc2ccccc12)N1CCCC(C(=O)N2CCc3ccccc3C2)C1
457,O[C@@H]1CO[C@H]2C[C@@H]1Nc1c(Cc3ccccc3)cccc12
458,O=C(Nc1ccc2ccccc2n1)c1ccc(N2CCOC2=O)cc1
459,Brc1ccc(-c2nnc(Cn3cnc4ccccc43)o2)o1
460,Cc1nccn1CCCN1C(=O)SC(C)(C)C1=O
461,CC1CN(C(=O)c2cccnc2N2CCOCC2)CC(c2ccccc2)O1
462,OCc1nnc(SCCSC2CCCCC2)n1C1CC1
463,CC(C)(CO)NCCCCn1c2ccccc2c2ccccc21
464,O=C(CCCOc1ccccc1)N1CCCC1
465,COc1cccc(Cc2cnc(N)s2)c1
466,O=C(C1CC1)N1CC[C@@H](Cc2n[nH]c(=O)n2-c2ccc(-c3ccc4occc4c3)cc2)C1
467,CN(CC1CCC1)C(=O)C1CCN(c2ccc3nncn3n2)CC1
468,O=C(CCCc1ccc(F)cc1)N1CCN(c2ccccc2)C(=O)C1
469,CC(C(=O)Nc1ccccc1)N1CCCN(c2nccs2)CC1
470,O=C(Nc1ccc(N2CCOCC2)nc1)N1CCc2sccc2C1
471,CCc1[nH]nc(NC2CCN(C(C)C)CC2)c1C
472,CN(C)C1(CNC(=O)Cn2ccc(=O)cc2)CCCCC1
473,C=CC(=O)N1CCC(CNc2ncnc(N)c2-c2ccc(Oc3ccccc3)cc2)CC1
474,COCC1(CNS(=O)(=O)c2ccccc2)CCC1
475,CCOC(=O)c1ccc(NC(=O)Cn2cnc3ccccc32)cc1
476,Cc1ccc(NS(C)(=O)=O)c(C(=O)N(C)c2ccc3ccccc3c2)c1
477,COc1ccccc1C(=O)Nc1cccc(C#N)c1
478,C[C@@H]1CC(=O)Nc2cccc(-c3ccc4c(c3)c(-c3cnn(C)c3)nn4C)c2N1
479,Cc1cc(Br)ccc1CN(C)C(=O)CO
480,CCc1c2c(nc3ccc(O)cc13)-c1cc3c(c(=O)n1C2)COC(=O)[C@]3(O)CC
481,CC(=O)N1CCC[C@H]1C(=O)Nc1cccc(OC(F)F)c1
482,Cc1nnc2ncc(-c3cccc(-c4ccnn4C)c3)cn12
483,Cc1ccc(S(=O)(=O)N2CCOc3ccncc32)cc1
484,CN(C)C(C)(C)CNc1ncnc2ccccc12
485,O=C(NCC(=O)N1CCN(C2CC2)CC1)c1ccccc1
486,FC(F)(F)c1nccc(NCCSc2nc3ccccc3o2)n1
487,CSc1nnc(CCCNc2cc(C)ccn2)n1C1CCCC1
488,CCc1[nH]nc(NC2CCC(C(=O)OC)CC2)c1C
489,O=C(O)c1csc(Cc2ccc(Cl)cc2)n1
490,N#Cc1cccc(CNCc2ccccn2)c1
491,Cc1nc(CN2C(=O)CN(C3CCCC3)C2=O)nc2ccccc12
492,O=c1c2ccncc2ncn1[C@H]1CCN(Cc2ccccc2)C1
493,CN1CCc2nc(C(=O)N[C@H]3C[C@@H](C(=O)N(C)C)CC[C@@H]3NC(=O)C(=O)Nc3ccc(Cl)cn3)sc2C1
494,Cc1nc(C2(NCc3cccc(C#N)c3)CCCC2)no1
495,COc1ccc(CN2CCC(c3nc(C(C)C)no3)CC2)c(F)c1
496,Cc1cc(-c2nc(N(C)C)no2)cc(O)n1
497,COc1ccc2nc(C)nc(NCc3ncc(C)o3)c2c1
498,COc1ccc(CCn2c(C3CC3)n[nH]c2=O)cc1
499,COc1cc2cc3c(nc2cc1OC)OCCN(C1CCCCC1)C3
500,Cc1nc(O)cc(C2CN(C3CCCCC3)C2)n1
501,CN(C)C(=O)C1(Cc2ccccc2-c2ccccc2)CCN(C(=O)c2cnn(C)c2)CC1
502,CC(C)c1csc(NC(=O)C2CCN(c3ncccn3)CC2)n1
503,CCc1cnc(CN2C(=O)NC3(CCC3)C2=O)o1
504,CC(C)c1nc(O)c2nnn(C[C@@H]3CCCN(C(=O)C(C)(C)C)C3)c2n1
505,CCC(=O)Nc1cccc(Oc2nc(Nc3ccc(N4CCN(C)CC4)cc3OC)ncc2Cl)c1
506,CC(=O)N1CCCN(C(=O)Nc2ccc(N(C)C3CCCCC3)c(F)c2)CC1
507,CCC[C@@H]1C[C@@H](C(=O)N[C@@H]([C@H]2O[C@H](SC)[C@H](O)[C@@H](O)[C@@H]2O)[C@@H](C)O)N(C)C1
508,O=C(Nc1cccnc1)c1ccnc(NC(=O)C2CC2)c1
509,O=C(CNc1ccc(C(=O)N2CCCC2)cc1)N1CCCCC1
510,N#Cc1ccccc1OCc1csc(-c2ncccn2)n1
511,c1ccc(N2CCOCC2)c(CNc2cc(N3CCCC3)ncn2)c1
512,O=C(Nc1cncc2ccccc12)c1ncccn1
513,O=C(Nc1nccs1)[C@@H]1C[C@@H]2CCCC[C@@H]2N1C(=O)c1ccccc1
514,CC(C)NC(=O)Cn1nnnc1C(C)(C)C
515,CN1CCN(S(=O)(=O)Cc2ccc(Cl)c(Cl)c2)CC1
516,NC(=O)COc1ccccc1C(=O)Nc1cccc(-c2ccc3ccccc3c2)n1
517,Cc1cccnc1Nc1cccc(C2CCCN(CC(=O)Nc3nccs3)C2)n1
518,Cc1nc2ccccc2c(N)c1C(=O)/C=C/c1ccccc1
519,O=C(CCN1C(=O)CCC1=O)Nc1cccc2ncccc12
520,CC(C)n1nccc1-c1ncccc1COc1cccc(O)c1C=O
521,CC(=O)NCCCOc1ccc(CN2C[C@H](Oc3cccc(C)c3)[C@@H](O)C2)cc1
522,COc1ccc(-c2nnc3ccc(C(F)(F)F)cn23)cc1OC(C)C
523,CCCc1ncncc1C(=O)NCc1nncn1CCC
524,Cn1c(CNc2ccc(C(=N)N)cc2)nc2cc(C(=O)N(CCC(=O)O)c3ccccn3)ccc21
525,CC(C)N1CCC(O)(c2ccccc2F)CC1
526,Cn1cc(CCNC(=O)N2CCCc3c(F)cccc32)cn1
527,COc1ccccc1Oc1c(NS(=O)(=O)c2ccc(C(C)(C)C)cc2)nc(-c2ncccn2)nc1OCCO
528,CC(C)c1nnc(CNc2ncc(Br)cn2)n1C
529,CC(C)Oc1ccc(C2(C(=O)NC3CCS(=O)(=O)CC3)CCCC2)cc1
530,CCS(=O)(=O)Nc1ccc(Oc2ccc(F)cc2F)c(-c2cn(C)c(=O)c3[nH]ccc23)c1
531,Cc1nn(C)c(C)c1C(=O)NCc1ccccc1
532,CNC(=O)C1(Cc2ccc(-c3cccnc3)cc2)CCN(Cc2ccc(F)cc2)C1
533,O=C(CC1CCNCC1)NCCc1ccccc1F
534,Cc1cn[nH]c1C1(C)CCN(Cc2cnn(C)c2)CC1
535,C[C@@H]1Cc2ccccc2N1C(=O)Cn1nc(-c2cccc3ncccc23)oc1=O
536,Cc1cc(Br)cn(Cc2ccc(C#N)cc2F)c1=O
537,COc1cc(C(=O)O)c(N)c(OC)c1OC
538,Cc1ccc(C(=O)N2CCN(C(=O)NCC(=O)N3CCCC3)CC2)cc1F
539,CN(C(=O)C1CCN(c2ncccn2)CC1)C1CCCCCCC1
540,O=S(=O)(c1cccc2cnccc12)N1CCCNCC1
541,CC(C)CCCNC(=O)c1[nH]ncc1Br
542,O=C(c1ccc2oc(CCCc3ccccc3)nc2c1)N1CCC(Oc2cccnc2)CC1
543,CC(=O)N1CCN([C@H]2CCN(C(=O)c3cc4cc(C)ccc4o3)CC[C@@H]2O)CC1
544,Cc1ccc(CC(=O)Nc2nc(C)no2)cn1
545,c1ccc(C2(c3ccccc3)CCCN(Cc3nnc(C4CC4)o3)C2)cc1
546,COc1cc2c(cc1OC)[C@@H]1CC(=O)[C@@H](CC(C)C)CN1CC2
547,COCC(C)(C)C(=O)N1CCCC2(CCNCC2)CC1
548,Cc1nc(NCc2scnc2C)n(C)n1
549,Cc1ccc(-c2nc(CC(=O)NCCC(C)C)cs2)cc1
550,CCCc1cc(N2CCc3c(nc(C4CC4)n3C)C2)n2ncnc2n1
551,CN1CCc2nc(NC(=O)c3cncn3-c3ccccc3)sc2C1
552,O=C(Nc1nc2ccccc2[nH]1)c1ccncc1
553,COC(=O)c1cccc2c1CCCN2C(=O)c1ccc(F)cc1F
554,COc1ccc(CNC(=O)c2sc3nc(C)cc(C)c3c2N)cc1
555,CCC(=O)NCC[C@@H]1CCc2ccc3c(c21)CCO3
556,NC(=O)Cn1cc(-c2ccc(F)cc2)cn1
557,CCN1CCC(N(C)c2ncnc3c2cnn3C)CC1
558,CC(C)Cc1n[nH]c(-c2ccc(N3CCN(C)CC3)cc2)n1
559,O=C(Cc1cccc(I)c1)N1CC(CO)C1
560,Cn1cc(CN2CCCC(c3ccnc(Nc4cnccn4)c3)C2)cn1
561,Cc1ccc(=O)n(CCOc2ccc(Cl)c(F)c2)n1
562,N#CCn1ncnc1-c1cccc(C#N)c1
563,COc1cn(-c2ccc(-n3cccn3)cc2F)nc(-c2ccnn2-c2ccccc2)c1=O
564,COc1ccc(C(=O)Cn2c(=O)n(-c3ccccc3F)c3nc(C)nc(C(N)=O)c32)cc1
565,COc1cccc(N(C)CCC(=O)N2CCC(c3ccc(-c4ccc(N)nc4)cn3)CC2)c1
566,Cc1cccc(-c2nc(CN(Cc3cnn(C)c3)C(C)C)c(C)o2)c1
567,CC(=O)N1CCN([C@H]2CCN(C(=O)c3cc4cc(Cl)ccc4o3)CC[C@@H]2O)CC1
568,NC(=O)CN1CCC(COc2ccccc2C(F)(F)F)CC1
569,CCCN(CCC1=CCCCC1)C(=O)Cc1n[nH]c(=O)[nH]1
570,Oc1ccc(CN2CCN(c3cccc(Cl)c3)CC2)cc1
571,CN(C[C@@H]1COCCO1)S(=O)(=O)Nc1ccc2ccc3ncc(-c4cnn(C)c4)cc3c(=O)c2c1
572,COc1ccc(Br)c(-c2nnc(N)o2)c1
573,Cc1ncsc1-c1cncc(CC2CCCN(C)C2)n1
574,O=C(c1ccncc1)N1CCC(c2cnccn2)CC1
575,COc1ccc(CN2CCN(c3cc(C)nc(N)n3)CC2)cc1OC
576,COc1ccc(C)cc1-n1ccc(C(=O)Nc2c3c(nn2C)CCC3)n1
577,Cc1nc(NCc2ccc(F)cc2)n(C)n1
578,Cc1sc2nc(CN3CCCC3)nc(N)c2c1C
579,c1nc(NC2CCN(C3CC3)CC2)c2sccc2n1
580,Cc1c[nH]c2nccc(Oc3c(F)cc(Nc4cc(Cl)nc(N)n4)cc3F)c12
581,COC(=O)CC1=NN(c2ccc(OC)cc2)C(=O)/C1=C(/C)NCc1ccc(OC)cc1
582,Cc1ccc(C)c(S(=O)(=O)N2CCCN(CCn3cccn3)CC2)c1
583,CN(CC(=O)Nc1ccncc1)C1CCCC1
584,Cc1cc(N(CCO)CCCO)ncc1Br
585,O[C@@H]1CO[C@H]2C[C@@H]1Nc1c(-c3ccccc3)cccc12
586,Cc1cnc(C(=O)N[C@H]2CCOC[C@@H]2O)cc1Cc1ccc(-c2cscn2)cc1
587,Cc1ccccc1-n1cc[nH]c(=O)c1=O
588,O=C(/C=C\n1cnc(-c2cc(C(F)(F)F)cc(C(F)(F)F)c2)n1)NNc1cnccn1
589,O=C(CN1CCCC(c2nc3ccccc3o2)C1)Nc1ccc(OC(F)(F)F)cc1
590,Cc1csc(N(C(=O)c2cc3c(C)nn(C)c3s2)C2CC2)n1
591,N#CC1(CN2CCc3cc(-c4ccccc4)oc3C2)CC1
592,O=C(Nc1cncc(Cl)c1Cl)c1cccc(-n2cccn2)n1
593,CN(Cc1cnn(C)c1)c1ncnc2c1oc1ccccc12
594,Cc1ccc(CN2CC[C@H](c3nnc(-c4ccccc4F)o3)C2)o1
595,Cn1cc(CN2CCN(c3ccccc3O)CC2)c(-c2ccncc2)n1
596,CC(C)(C)C[C@@H]1COCc2nc(OCc3ccccn3)cc(=O)n21
597,O=C(NCC1(N2CCCCC2)CCCC1)c1cnn[nH]1
598,COCCN(C)c1ccc(CN2CCc3nn(C)c(=O)cc3C2)cn1
599,Cc1cc(CCCC(=O)NC[C@H]2CC[C@H](c3ccc(C(N)=O)c(C)n3)CC2)ccc1F
600,CCCn1cc(C(=O)N2CCC(c3n[nH]cc3C(=O)N3CCOCC3)CC2)cn1
601,CC(=O)NCC(=O)N1[C@@H]2CC[C@H]1c1ccc(Nc3ncc(C(F)(F)F)c(NC4CCC4)n3)cc12
602,Cc1cccc2ncn(CCc3ncc[nH]3)c(=O)c12
603,CCN(CCOC)C(=O)Nc1ccc2occc(=O)c2c1
604,O=C(CN1CCCN(c2ccc(C(F)(F)F)cn2)CC1)Nc1ccccc1Cl
605,Cc1cc(C(=O)N(C)Cc2ccsc2)no1
606,COc1ccccc1-c1cc(NC(=O)c2cccc(N3CCNC3=O)c2)[nH]n1
607,Cc1ncc2c(n1)CN(CCCc1nc3ccccc3o1)CC2
608,CN1C(=O)[C@H]2CN(CC3=CC[C@H]4C[C@@H]3C4(C)C)C[C@H]2C1=O
609,O=C(NCCc1ccc2c(c1)OCO2)C1CCCC1
610,CCc1cc2c(N(C)CCO)ncnc2s1
611,Cc1ccnc(NC(=O)CN(C)C(=O)c2ccc(Cl)cc2)c1
612,CCNC(=O)c1ccc(-c2cc(C)cc(OC)c2OC)nc1
613,Cc1cccc(Oc2cc(CN)ccn2)c1C
614,COc1ccc2cc(C(=O)NCc3nnc4n3CCCCC4)ccc2c1
615,O=c1c2cccnc2ncn1Cc1ccc2c(c1)CCCC2
616,O=c1c2ccccc2cnn1Cc1cccc(OCC(F)(F)F)c1
617,COc1cc(C#N)ccc1Cn1ccnc1C(C)C
618,COCCc1nc(CCCn2cccn2)n(C2Cc3ccccc3C2)n1
619,Cc1n[nH]c2c1[C@H](c1ccccc1)C1=C(CC(C)(C)CC1=O)N2
620,O=C(Nn1cnc2ccccc21)c1c2c(nc3ccccc13)CCC2
621,O=C1CCCN1C(=O)COc1cccc(-c2nnco2)c1
622,c1ccc(CCc2n[nH]c(-c3cccc4cnccc34)n2)cc1
623,COc1ccc(=O)n(Cc2noc3c2CCCC3)n1
624,Cn1ncc2c(Oc3cccc(C(C)(C)C)c3)ncnc21
625,Cc1cc(F)ccc1CC(=O)N[C@@H]1CCOC[C@H]1OCCO
626,Cc1ccc(C)c(C(=O)Nc2cnc3c(c2)c(C)nn3C)c1
627,CCc1ccccc1-c1cn(CCc2cnccn2)nn1
628,Cc1cc(C)nc(Nc2ccc(C3CCCN(CC(=O)N4CCCC4)C3)nc2)n1
629,CN(Cc1ccc(C(=O)O)cc1)C(=O)c1ccnn1C
630,Cc1cc(C)cc(OCCN(C)C(=O)NCCN2CCCCC2=O)c1
631,O=C(CSC1CCCC1)N1CCC(Cn2cccn2)CC1
632,COCC1(CNC(=O)c2cc(Cl)cnc2O)CCC1
633,COCCc1n[nH]c(-c2ccc(N3CCN(C)CC3)cc2)n1
634,Fc1ccc(F)c(-c2nc(C3CCOCC3)nn2-c2cccnc2)c1
635,CNC(=O)C1(Cc2ccc(-c3cccnc3)cc2)CCN(Cc2cccc(F)c2)C1
636,Fc1c(CN2CCC(c3nnc4ccccn34)CC2)cccc1OC1CC1
637,C=CC(=O)Nc1cccc(Oc2nc(Nc3ccc(N4CCN(C)CC4)c(F)c3)nc3[nH]ccc23)c1
638,COc1cc(CNCCN2CCOCC2)cc(Cl)c1OCc1ccccc1
639,Cc1ncc(C)n2nc([C@@H]3C[C@H]3c3nc4c5cccnc5ccn4c3C)nc12
640,CN(Cc1cnn(C)c1)C(=O)c1ccccc1-c1ccccc1C#N
641,COc1ccc(NC(=O)CN2CCC(c3cc(-c4cnc(N)nc4)cc(C)n3)CC2)cc1
642,CCc1cccc(C)c1NC(=O)c1ccc(C)o1
643,Cc1cc(C(=O)Nc2ccc(C)c(C)c2)n(-c2ccccc2)n1
644,Cc1ccc(NC(=O)c2cccc(N(C)C)c2)cc1NC(=O)c1ccc(O)cc1
645,Cc1nc(-c2cnn(C)c2-c2ccc(C(F)(F)F)cn2)c2c(N3CCC3)ncnn12
646,CN1CCN(CCOc2ccccc2N)CC1
647,CCS(=O)(=O)N1CCN(c2ccc(Nc3ncc(C(N)=O)c(NC4CC4)n3)cc2)CC1
648,Cc1cc(Nc2ncccn2)cc(C2CCCN(CC(=O)Nc3ccc(F)cc3)C2)n1
649,O=C(NCC1CC1)c1cncn1-c1ccc(F)cc1
650,Cc1ccccc1CC(=O)N1CCN(C(=O)c2ccccc2)CC1
651,Cc1ccc2nc(C)c(C(=O)NOCc3ccccc3)cc2c1
652,COCCNc1cc(NC(=O)N2CCCc3cc(CN4CCN(C)CC4=O)c(C=O)nc32)ncc1C#N
653,CCCc1nc(N2CCc3ccccc3C2)ncc1C(=O)O
654,Cc1nn(CCNS(=O)(=O)N2CCOCC2)c(C)c1C
655,Cc1nccc(NC(=O)c2ccncc2Cl)c1Cl
656,O=c1cc(-c2cc(F)c(Cl)nc2Cl)[nH]c2c(-c3ccccc3)c(C(F)(F)F)nn12
657,CCN(CC)C(=O)N1CCCN(C(=O)N(CC)CC)CC1
658,Cc1nc(CNC2CCN(C(=O)C3CC3)CC2)cs1
659,O=C(CN1CCSC1=O)Nc1ccccc1F
660,N#CCCN(C(=O)c1sccc1C#N)C12CC3CC(CC(C3)C1)C2
661,CC(C)c1nc(S(=O)(=O)N2CC3(CC3)c3ccccc32)c[nH]1
662,Cc1ccc(CN)c(-n2cc(Cl)cn2)n1
663,Cc1ccc(-c2ccccc2-c2nc3c(cnn3C3CCN(C)CC3)[nH]2)o1
664,CCc1ccc2nc(C)cc(C(=O)N3CC(c4cccnc4)C3)c2c1
665,CC(C)c1cc(N2CCc3[nH]nc(C4CC4)c3C2)n2nccc2n1
666,CC(=O)c1ccc(OCCCCN2CCCC2)cc1
667,COc1ccc(-c2nc(C3CCN(C(=O)c4sc(C)nc4C)CC3)[nH]c2C(N)=O)cc1
668,Cc1ccc(F)c(N(C#N)Cc2nccn2C(F)F)c1
669,CCNC(=O)c1ccc(CS(C)(=O)=O)cc1
670,Cc1noc(C)c1CCC(=O)Nc1cccnc1
671,CC(=O)N[C@H]1CC2(CCN(C(=O)COc3cc(C)c(Cl)c(C)c3)CC2)OC[C@]1(C)O
672,Cc1nnc(NCCc2ccc3c(c2)OCO3)c(C#N)c1C
673,OC[C@H](Nc1cncc(-c2ccc3[nH]ncc3n2)c1)c1ccccc1
674,COc1ccc(-c2ccc(CN(CCN3CCOCC3)Cc3cccnc3)cc2)cc1
675,Cc1cc(C(=O)NCCC2=CSC3=NCCCN23)c2cccc(C)c2n1
676,COc1cc2c(cc1OC)CN(C(=O)C1CCCN(S(=O)(=O)c3cccs3)C1)CC2
677,Cc1cccc(C)c1OCC(=O)N(C)[C@@H]1CCC[C@@H](O)[C@@H]1O
678,c1ccc(-c2nsc(N3CCCN(c4nccs4)CC3)n2)cc1
679,Clc1cccc(Cl)c1Cc1n[nH]c(CCCn2cccn2)n1
680,CCc1nc(C)c(Cn2ccnc2-c2cnc(N3CCCC3)nc2)s1
681,Cc1cc(C(=O)NCC2CC2)n2nccc2n1
682,CC(C)n1cnnc1SCOCc1ccccc1
683,CNc1ccc(/C=C/c2ccc(OCCOCCOCCF)nc2)cc1
684,O=C(NC[C@H]1COCc2nc3ccccc3n21)c1ccncc1
685,O=C(Nc1ccncc1)[C@H]1CCCN(S(=O)(=O)c2ccc(Cl)cc2)C1
686,CCSCCC(=O)NCCn1nc(C)c(CC)c1C
687,COc1ccc(CCC(=O)N2CCCNCC2)cc1
688,Cc1cc(C(=O)Nc2c(C)nn(C(C)C)c2C)c2ccc(F)cc2n1
689,c1ccc2c(c1)CCN(Cc1nnc3n1CCC3)C2
690,Cc1ccc(CCNc2ccc(C#N)nc2)cn1
691,Cc1nc(Cl)cc(Nc2cnn(C(C)(C)C)c2)n1
692,O=C1Nc2ccccc2O[C@H]2C[C@@H]1N(Cc1cccnc1)C2
693,O=C(CC1CCN(c2ncc(Cl)cn2)CC1)N1CCOCC1
694,Cc1cccc2cc(C(=O)NCCCn3nnc4ccccc43)n(C)c12
695,CCc1nnc(NC(=O)Cc2c(C)noc2C)s1
696,CNC(=O)c1sc2ncccc2c1[C@H]1CC[C@H](CNC(=O)CCc2ccccc2)CC1
697,Cc1cccc(N(C)C(=O)COC2CCCC2)n1
698,CC(C)(C=C(C#N)C(=O)N1CCC[C@@H](n2nc(-c3ccc(Oc4ccccc4)cc3F)c3c(N)ncnc32)C1)N1CCN(C2COC2)CC1
699,Cc1nc(CN(C)C(=O)C2c3ccccc3-c3ccccc32)no1
700,Cc1ccc(-n2nc(NCc3cnn(C)c3)cc2C)cc1
701,CSc1ccc(C(=O)Nc2cccc(C(=O)NCC(C)C)c2)cc1
702,Cc1ncsc1C(=O)N1C[C@@H]2CCCN(C(=O)c3scnc3C)[C@@H]2C1
703,c1ccc(-c2ccc(CN3CCCCCCC3)cc2)cc1
704,CC(C)(C)OC(=O)NCCCC(=O)N[C@H]1C[C@@H](n2cnc3c(NCc4ccccc4)ncnc32)[C@@H](O)[C@H]1O
705,CC(C)Cc1cc(CN2CCN(S(=O)(=O)N3CCOCC3)CC2)n[nH]1
706,O=C(Cc1ccc(F)cc1)NCCn1cccnc1=O
707,COc1ccc(CCC(=O)N2CCN(C(=O)c3cc4n(n3)CCCC4)CC2)cc1
708,CC1(C)[C@@H]2C[C@H]1[C@@]1(O)[C@@H](C2)Oc2c(ccc(O)c2C(=O)NCCNS(C)(=O)=O)[C@@H]1O
709,CC(C)N(C[C@@H]1O[C@@H](n2cnc3c(N)ncnc32)[C@H](O)[C@H]1O)[C@H]1C[C@@H](CCc2nc3cc(C(C)(C)C)ccc3[nH]2)C1
710,Cc1ccc(CNC/C=C/c2ccccc2)cn1
711,CC1(C)CN(C(=O)c2cncc(Br)c2)CCO1
712,Cc1nn(Cc2csc(-c3cccs3)n2)c(N)c1C#N
713,Cc1ccc(NC(=O)CN(C)C2CCCCC2)cc1S(=O)(=O)N(C)C
714,O=c1c(-c2ccc(F)cc2)c(-c2ccncc2)[nH]n1-c1ccc(Cl)cc1
715,Nc1nc2ccccc2n1CCCc1ccccc1
716,CC(C)(C)c1csc(CCNC(=O)N2CCSCC2)n1
717,O=C(NC[C@@H]1CCN(c2ccccc2)C1)N1CCc2ccccc2C1
718,Cc1cccc(NC(=O)c2cccc3ncccc23)c1
719,CC(C)c1cc(C(=O)N2Cc3ccc(CN4CCN(C)CC4)cc3C2)c(O)cc1O
720,COc1cc(F)ccc1-c1ncnc(Nc2cccc(C[S@@](C)(=N)=O)c2)n1
721,O=c1c2c(nc3ccccn13)CCN(S(=O)(=O)C1CCCCC1)C2
722,Cc1nc2cc(NC(=O)CCc3c(C)noc3C)ccc2o1
723,Cc1ccnc(-n2nccc2NC(=O)NC2(C)CCC2)c1
724,CCN1CCC(CCNc2ncc(C)c(N(C)C)n2)CC1
725,CSc1cnc(N2CCCN(c3ncc(SC)cn3)CC2)nc1
726,CCC(=O)NCc1ccnc(N(C)C)c1
727,Cc1ccccc1C(=O)N1CCC(O)(Cn2ccnc2C)CC1
728,CCCCC1=NC2(CCCC2)C(=O)N1Cc1ccc(-c2ccccc2-c2nnn[nH]2)cc1
729,Cc1cc(C)c2c(N(C)CCC(C)C)ncnc2n1
730,CN1C(=O)[C@H](Cc2ccccc2)N[C@@H]1C(C)(C)C
731,O=C(NC1CCCCC1)C1CCN(c2ccncc2Cl)CC1
732,CS(=O)(=O)NC1CCN(C(=O)NCCc2ccc(F)cc2)CC1
733,Cc1noc(NCc2c(C)nn(C)c2C)n1
734,CN(CCc1ccccc1)C(=O)CC#N
735,O=C1CCCN1c1ccc(NCc2ccccn2)nc1
736,Cc1cccc(NCCc2cn3c(n2)CCCC3)n1
737,COc1ncc(C(=O)NCc2cnn3cccnc23)cn1
738,CC(C)c1noc2nc(C3CC3)cc(C(=O)N3CC[C@H](N)C3)c12
739,CC(/C=C/C(=O)NO)=C\[C@@H](C)C(=O)c1ccc(N(C)C)cc1
740,Cc1cc(N(C)Cc2ccc(N)nc2)nc(-c2ccncc2)n1
741,CC(C)c1nnc(NCc2ccn(C)c2)o1
742,CC(C)c1nnc(-c2ccc(-c3ccccc3)nc2)n1-c1cccc2nonc12
743,CCN(C(=O)c1cc(NC(C)=O)ccc1F)C1CCCC1
744,Cc1cc(C)cc(C(=O)Nc2nn(C(C)(C)C)cc2C#N)c1
745,O=C(NC1CC1)c1cccc2cccnc12
746,O=C(Nc1nc2cccc(-c3ccc(CN4CCS(=O)(=O)CC4)cc3)n2n1)C1CC1
747,COc1cc2c(cc1OC)CN(C(=O)C1CCCN(C(=O)Nc3ccccc3)C1)CC2
748,CNC(=O)c1ccccc1Nc1nc(Nc2ccc(N3CCOCC3)cc2OC)ncc1Cl
749,CNC(=O)Cc1csc(-c2ccc(C)cc2)n1
750,CCS(=O)(=O)N1CCC(C(=O)N(C)C2CCCCCCC2)CC1
751,CC(=O)N1CCN(Cc2nc(O)cc(C(F)(F)F)n2)C(C)(C)C1
752,Cc1nc(N2CCn3ccnc3C2)c2cnn(C)c2n1
753,Cc1nn(Cc2cccc(Br)c2)c(C)c1C(=O)O
754,CCNC(=O)c1cc(C2CC2)nc2c1c(C)nn2-c1ccccn1
755,Cc1noc(C(C)C)c1C(=O)Nc1ccccn1
756,COc1ccc(-c2noc([C@@H]3CCCN3Cc3ccccc3)n2)cn1
757,Cc1nnc2ccc(N3CCC4(CCCCC4)C3)nn12
758,COc1ccc(C(=O)Nc2ccc3oc(C)nc3c2)c(OC)c1
759,CS(=O)(=O)NCc1cc2n(n1)CCN(C1Cc3ccccc3C1)C2
760,COCC(=O)Nc1cc(C#N)cn1C(C)(C)C
761,COc1cccc(O[C@H]2CCN(C(=O)c3cc(-c4ccc(F)cc4)on3)CC[C@@H]2O)c1
762,COc1cccc(C(=O)NCC(=O)Nc2cccc3c2CCCC3)c1
763,Cc1cc(CN2CC(O)(CC#N)C2)ccc1F
764,N#CCCN(C(=O)c1cccs1)C12CC3CC(CC(C3)C1)C2
765,COc1c(N)ncnc1N1CCCC(C)(C)CC1
766,NC(=O)c1ccccc1NC(=O)CN1CCCC(c2nc3ccccc3o2)C1
767,CN(C)C(=O)c1ccc(NC(=O)c2cccc(F)c2)cc1
768,COCCc1nsc(Oc2ccc(C)cc2Br)n1
769,CC1(C)CC(CC(=O)NCCn2ccnn2)CC(C)(C)N1
770,COc1ccc(-c2ccc(Cn3nc(C)cc3C)cn2)cc1
771,Cc1cc(-c2nnc3ccc4ccccc4n23)n(C)n1
772,Cc1ccc(OCc2noc(-c3ccsc3)n2)cn1
773,Cc1ccc(O)c(CN2CCC(c3nc4ccccc4o3)CC2)n1
774,COc1cc2ncnc(Nc3ccc(F)c(Cl)c3)c2cc1OCCCN1CCOCC1
775,COc1ccc(CC(=O)Nc2ccc(F)nc2)cc1
776,NS(=O)(=O)OC[C@@H]1C[C@@H](n2ccc3c(N[C@H]4CCc5ccccc54)ncnc32)C[C@@H]1O
777,CCN1CCN(C(=O)CNc2ncnc3onc(C)c23)CC1
778,CCc1cc(=O)[nH]c(SCCCCC2CCOCC2)n1
779,Cc1cc(C)c2ccc(C(=O)N3CCN(c4ncc[nH]c4=O)CC3)cc2n1
780,Nc1cncc(-c2ccc(CN3CCCCC3)cc2)c1
781,c1cncc(-c2nnc3n2[C@H]2CN(Cc4cccs4)C[C@H]2CC3)c1
782,CC(=O)N1CC[C@H]2O[C@H]3c4ccc(O[C@@H]5O[C@H](CO)[C@@H](O[C@@H]6O[C@H](CO)[C@H](O)[C@H](O)[C@H]6O)[C@H](O)[C@H]5O)cc4OC(C)(C)[C@@H]3C[C@H]2C1
783,Cc1ccc(-c2nnc([C@H]3CCN(Cc4cc5ccccc5o4)C3)o2)cc1
784,NC(=O)C1CCN(C(=O)CCc2ccc(Cl)cc2)CC1
785,O=C(c1ccc(Cn2nnc(-c3cccc(F)c3)n2)cc1)N1CCCC1
786,O=C(CN1CCCN(c2ccc(C(F)(F)F)cn2)CC1)Nc1ccccc1
787,CC(C)N(CCCNC(=O)Nc1ccc(C(C)(C)C)cc1)C[C@@H]1O[C@@H](n2ccc3c(N)ncnc32)[C@H](O)[C@H]1O
788,COc1ccccc1-c1ccc(CC2(C(=O)NC3CC3)CCOCC2)cc1
789,c1cc(CN2CCC(c3ccn[nH]3)CC2)ccn1
790,CN(CCc1ccccn1)c1cnc2ccccc2n1
791,Cc1cc(CN2CCC(N(C)c3ncc(Cl)cn3)CC2)on1
792,O=C(O)C1CN(Cc2ccc(OCc3ccc(Cl)c(Cl)c3)cc2)C1
793,Cc1cccc(-c2cccc(C(=O)NCCC3(O)CCCC3)c2)n1
794,Cc1cc(C)c(NC(=O)CN(C)c2ccc(C#N)nc2)c(C)c1
795,CC(C)c1nc(O)c2nnn(C[C@@H]3CCCN(Cc4cccs4)C3)c2n1
796,O=C(NCCN1CCc2ccccc2C1=O)c1ccon1
797,Cc1nnc(CN(C)Cc2cnn(C)c2C)s1
798,O=C(c1ccccc1)N1CCN2C(=O)N(Cc3ccccc3)C(=O)[C@H]2C1
799,CCCn1ncc2[nH]c(C3CCCCC3)nc21
800,C=CCNC(=O)C1(Cc2ccc(-c3ccccc3)cc2)CCN(C(=O)c2cccnc2)CC1
801,NC(=O)C1(Cc2ccc(-c3cccnc3)cc2)CCN(Cc2cccc(Cl)c2)CC1
802,N#Cc1ccc(OCCn2cccn2)cc1
803,Cc1cc(F)ccc1C1C(=O)NCCN1C(=O)c1ccc2nccn2c1
804,CCc1ncc2c(n1)CN(c1ccnc(-c3ccccc3)n1)CC2
805,O=C1CN(c2ccc(Nc3nccc(C(F)(F)F)n3)cn2)CCN1
806,Cc1cccn(Cc2cccc(F)c2)c1=O
807,CCCN(CCc1cccs1)[C@H]1CCc2c(O)cccc2C1
808,CCOc1cc(CC(=O)N[C@@H](CC(C)C)c2ccccc2N2CCCCC2)ccc1C(=O)O
809,O=C(Cn1nc2n(c1=O)-c1ccccc1C1=NCCN12)N1CCCc2ccccc21
810,CCC(=O)N1CCCc2cc(C(O)CN3CCN(c4ccc(OC)cc4)CC3)ccc21
811,CCN(CC)C(=O)N1CCC(C(=O)O)CC1
812,COc1cccc(OC)c1-c1ccc(OCCN2CCCC2)cc1
813,OC1(Cn2nnc(-c3cccnc3)n2)CCCCC1
814,CSc1ccc(-c2ccc3n(c2=O)C[C@@H]2CNC[C@H]3C2)cc1
815,CN1C(=O)N(CC(=O)NCc2ccc(Cl)cc2)C(=O)C12CCCCC2
816,CCCCC1=NC2(CCCC2)C(=O)N1Cc1ccc(-c2ccccc2-c2nn[nH]n2)cc1
817,CS(=O)(=O)NC[C@H]1CC[C@H](Nc2nc3c(s2)CCSc2ccccc2-3)CC1
818,CCCc1ccc(C(=O)CSc2nncs2)cc1
819,CN1CCN(c2ncncc2-c2nc(-c3ccccc3)no2)CC1
820,CCN1CCN(S(=O)(=O)c2c[nH]c(C(C)C)n2)c2ccccc21
821,CN(C)c1ccc(-c2ccc(COCc3cccs3)cc2)nn1
822,CCCCNC(=O)c1cccc2ncccc12
823,O=C(Cc1n[nH]c2ccccc12)N1CCCO1
824,CC1=C(Br)CN(CCc2nc3ccccc3c(=O)[nH]2)CC1
825,Cc1nnc(NC(=O)c2ccccc2-c2ccc(C(F)(F)F)cc2)s1
826,Cn1cc(CNc2ncccn2)c(C(C)(C)C)n1
827,Cc1ccc2c(CC(=O)NCc3cccs3)coc2c1
828,Cc1ccccc1COC1CN(C(=O)Cn2c(=O)[nH]c3ccccc32)C1
829,Cc1cc(C(=O)NCCc2ccccn2)c(C)s1
830,O=C(NCc1cccc(F)c1)c1[nH]nnc1-c1ccccc1
831,CCCNC(=O)C1(NCc2csnn2)CCCCC1
832,Cc1ccccc1C(=O)N1CCC[C@@H]1Cn1nnn(-c2cccs2)c1=O
833,CN(C)c1cnn(CCC(C#N)(c2ccccc2)c2ccccc2)c(=O)c1
834,O=C(NCc1ccc(F)cc1)c1ccccn1
835,O=C(NCc1cnn2cccnc12)c1ccccc1-n1cnnc1
836,CS(=O)(=O)N(CC(=O)Nc1ccccc1C(=O)NCc1ccco1)c1ccc(F)cc1
837,Cc1cc(N2CCCCC2)nc(CNC(=O)c2ccccc2Cl)n1
838,COc1cncc(-c2ccnc3[nH]ccc23)c1
839,Cc1cnc(-n2cnnc2)c(-c2cccc(Cl)c2Cl)c1
840,N#CC1(NC(=O)CN2CCOCC2)CCCCCC1
841,O=C(CC/C=C/c1ccccc1)Nc1ccccc1N1CCOC1=O
842,CC(C)(C)n1ncc(OCc2ccc(OCCOCCO)nc2)c(Cl)c1=O
843,O=C(Nc1ccc2[nH]ncc2c1)[C@H]1CCCNC1
844,O=C(c1sc(N2CCOCC2)nc1-c1ccccc1)N1CCCCC1
845,O=C(Nc1ccc2c(c1)OCCCO2)c1cnn(Cc2ccccc2)c1
846,O=C(c1ccccn1)N1CCCC(c2cccc(-c3cccc(Cl)c3)n2)C1
847,N#CCCCN1CCC(c2c[nH]c3ccccc23)CC1
848,CCCc1cc(N2CCc3c(nc(C(C)C)n3C)C2)n2ncnc2n1
849,N#Cc1ccc(CNc2cnc3ccccc3c2)o1
850,Cc1ccc(=O)n(CCOc2cc(F)cc(Br)c2)n1
851,O=C(c1ccc(O)cc1)N1CCN(c2ncnc3c2CCC3)CC1
852,COc1ccc(C)cc1-c1cccnc1O
853,Cc1ccc(F)cc1CNc1cc(C(=O)N(C)C)ccn1
854,Cc1occc1C(=O)NCC(=O)Nc1nc2cc(Cl)ccc2n1C
855,COCCOc1cnc2ccn([C@H](C)c3nnc4c(F)cc(-c5cnn(C)c5)cn34)c(=O)c2c1
856,O=c1c2sccc2nc2n1CCN(Cc1cc(F)ccc1F)CC2
857,O=C(c1cccs1)N1C[C@@H]2CCCN(C(=O)c3cccs3)[C@@H]2C1
858,CCN1C(=O)CC[C@H](C(=O)N2CCc3cc(F)cc(C)c3C2)[C@H]1c1ccncc1
859,Clc1cnc(NCC2(CN3CCCC3)CC2)nc1
860,Cc1cc(OCc2ncc(C(C)(C)C)o2)nn1C
861,O=C(Cn1nc(Cc2ccccc2)c2ccccc2c1=O)NCCc1c[nH]cn1
862,c1ccc(-c2noc(NCC3CCC3)n2)cc1
863,O=C(c1ccc(F)c(F)c1)N1CCN(C(=O)c2nc(Cl)ccc2Cl)CC1
864,O=C1CN(C(=O)c2ccc(Cl)cn2)CCN1CCc1ccccc1
865,CCc1ccccc1NC(=O)Cn1nc(C)cc1C
866,CCc1cc(NCc2cccc(OCCOC)c2)ncn1
867,Cn1ccc(C(=O)N2CCCC(c3cccc(-c4cccc(Cl)c4)n3)C2)n1
868,Cc1ccc(CNc2ncnn2C)nc1
869,COC(=O)c1cc(F)c(C)c(NC(=O)CCCc2ccccn2)c1
870,Cc1cc(OCCCS(C)(=O)=O)cc(C)c1-c1cccc(COc2ccc3c(c2)OC[C@@H]3CC(=O)O)c1
871,CC(C)n1c(=O)cc(N[C@@H](C)c2ccccc2)[nH]c1=O
872,O=C(O)c1ccc(CCC(=O)N2CCc3c(F)cc(F)cc3C2)cc1
873,CN(Cc1ccc(Cl)cc1)C(=O)c1ccc(-n2ccnc2)nc1
874,CN(C)S(=O)(=O)Nc1ccc(-n2ncc3ccccc32)cc1
875,Brc1nnc(N2CCC(OC3CCCC3)CC2)s1
876,O=C(Cc1cccs1)NCc1ccccc1F
877,CCCC(=O)Nc1cnc(N2CCN(C)CC2)nc1
878,CCCC(=O)NCC(=O)Nc1cnc(N2CCN(C)CC2)nc1
879,CN(C)c1ccc(Cn2c(=O)[nH]c3ccccc3c2=O)cn1
880,O=C(Nc1ccc(F)cc1)c1cc(C2CC2)nn1-c1ccccc1
881,O=c1c2cccn2c2ccccc2n1CCCN1CCC(c2ccc(Cl)cc2)CC1
882,COc1ccc(C(=O)N(C)Cc2nccn2C)c(F)c1
883,CC(C)(C)c1nccc(NCc2ccncc2)n1
884,CN(C)CCN(Cc1ccccc1)C(=O)CCC(=O)Nc1ncc(-c2ccccc2)n1C
885,O=C(CC1CCCC1)NCc1nnc2n1CCC2
886,Cc1nc(-c2ccccc2)c(C(=O)Nc2ccc(Cl)c(Cl)c2)s1
887,CC(C)C(=O)Nc1ncn(Cc2cccnc2)n1
888,CCc1c(C)nn(CCNC(=O)CCc2cnccn2)c1C
889,Cc1nccc(-c2cccc(NCC(=O)N(C)c3ccccc3)c2)n1
890,Cc1cccc(NC2CCN(Cc3ccncc3)CC2)n1
891,Cc1nc(-c2cc(C)on2)n(CCc2ccccc2)n1
892,Cc1ccc(NC(=O)OC(C)(C)C)c2c1N(C(=O)[C@H]1CCCO1)CCC2
893,Cc1ccc(-c2ccc(=O)n(Cc3ccncc3)n2)cc1
894,CC(C)C[C@@H](C(N)=O)n1ccnc1-c1cccc2ccccc12
895,OCC1CCCCN1Cc1ccc(-c2ccccc2)cc1
896,O=C(Nc1ccccc1-n1ccnc1)c1ccc(F)cc1
897,CCCS(=O)(=O)NC1CCN(Cc2ccc(C)c(OC)c2)CC1
898,COc1ccc(CN2CCN(C(=O)C3CCN(C(=O)C4CC4)CC3)CC2)cc1
899,CCCCNC(=O)NS(=O)(=O)c1ccc(C)cc1
900,CC1(C)CCN(C(=O)NCCOc2cccnc2)C1
901,Cc1ccc(-n2cc(C(=O)NCCN(C)C)nn2)cc1C
902,CC(C)n1cc(-c2ccc3c(c2)N(C)CC3)c2c(NS(=O)(=O)c3ccn(C)n3)ccnc21
903,Cc1noc(NCc2ccc(F)cc2C)n1
904,O=c1oc2cccnc2n1Cc1ccccn1
905,CC(C)(C)c1cc(NC(=O)c2cccc3cn[nH]c23)[nH]n1
906,CCOC(=O)CNC(=O)c1ccc(O)cc1O
907,O=C(Nc1ccn(Cc2ccc(O)cc2C(F)(F)F)n1)c1c(F)cccc1F
908,CCCn1cc(C(=O)N2CCC(c3n[nH]cc3C(=O)N(C)Cc3ccccc3)CC2)cn1
909,O=C(NCC1(c2ccccc2)CC1)c1cccnc1
910,COc1ccc(-c2c(C)n[nH]c2C)cn1
911,O=C(Nc1ccn(CC(F)F)n1)NC1CCN(C2CCCC2)CC1
912,FC(F)(F)c1nc(Nc2ccc(-n3cnnn3)cc2)c2ccccc2n1
913,Cc1nc(N2CCOc3ccccc3C2)c2cnn(C)c2n1
914,Cc1cccc(C)c1OCC(=O)N(C)C1(C#N)CCC1
915,COc1ccc(CNc2c(-c3ccc(OC)c(OC)c3)nc3cnccn23)cc1
916,CO[C@@H]1CC[C@@H](N(C)C(=O)COc2c(C)cccc2C)[C@H]1O
917,COCC1(CNC(=O)c2ccc(-n3cccn3)cc2)CCC1
918,COc1ccccc1/C=C/CN1C[C@H]2CCCN2C[C@@H]1C
919,Cc1ccc2oc(C(=O)N3CC[C@H](O)[C@@H](N4CCOCC4)CC3)cc2c1
920,CCc1nc2ccccc2n1CC(=O)N1CCNC(=O)C1
921,O=C(Cc1cccnc1)Nc1ncccc1Cl
922,CN1CCC(N(Cc2cccnc2)C(=O)NCCCc2ccccc2)CC1
923,COC1CCN(C(=O)Nc2cc(C(F)(F)F)cc(C(F)(F)F)c2)CC1
924,OCc1cnnn1-c1cncc(Cl)n1
925,Fc1cccc(CCNCc2cc(-c3ccccc3)cn3nnnc23)c1
926,CCCn1cnnc1Cn1ccnc1-c1ccc2occc2c1
927,O=C(NC1CCCCCC1)c1ccc(-c2cnco2)cc1
928,Cc1ccc(NC(=O)CN2[C@H](Cc3ccccc3)C[C@]3(C)NC(=O)CCC[C@H]23)cc1F
929,CCc1noc(-c2ccc(CCN)cc2)n1
930,CC(C)OCCS(=O)(=O)N1CCc2ccccc2CC1
931,CN(Cc1c(F)cccc1Cl)C(=O)c1ccc(-n2ccnc2)nc1
932,Cc1cc2cc(C(=O)N(C)CCC(=O)O)oc2cc1C
933,Cc1cc(C)c2[nH]c(C(=O)N3CC[C@@](O)(CC(C)C)[C@@H](Oc4ccc(F)cc4)C3)c(C)c2c1
934,Cc1ccccc1S(=O)(=O)Nc1c(C)ccnc1Cl
935,C#CCNC(=O)Cc1coc2cc(OC)ccc12
936,COc1ccc(C)cc1-n1ccc(C(=O)NC(C)C)n1
937,COC(=O)c1ccc(NC(=O)N(C)Cc2ccccc2CN2CCCC2)cc1
938,O=C(O)c1ccccc1-c1ccc(CN2CCCCC2)cc1
939,CN1CC(=O)N(CCCC(=O)Nc2cccc(C#Cc3cccs3)c2)C1=O
940,O=C(O)CCC(=O)Nc1ccccc1-c1nc2ccccc2[nH]c1=O
941,CC1(C)Oc2ccc(Cl)cc2[C@@H]2O[C@@H]3CCNC[C@@H]3C[C@H]21
942,COc1cc(N2CCN(C)CC2)ccc1Nc1ncc2c(n1)N(C)c1ccccc1C(=O)N2
943,Cc1noc(C)c1-c1cc(-c2ccccc2Cl)nc(C2CC2)n1
944,COc1cc(-c2ccc(Cn3nc(C)cc3C)cn2)cc(OC)c1OC
945,COCCNC(=O)CN1CCN(c2nccn2-c2cccc(Cl)c2)CC1
946,Cn1cc(C(=O)O)c(C2CCCCC2)n1
947,CCCc1cc(CNS(=O)(=O)c2cc(-c3cnc(C)o3)ccc2C)on1
948,Cc1c[nH]c(=O)n1-c1ccc(C(=O)Nc2ccc3ccccc3n2)cc1
949,CCN1CCc2nc(NC(=O)Cc3ccc(Cl)cc3)sc2C1
950,CCN(CC#N)C(=O)c1nn(-c2ccc(F)cc2)c2c1CCCC2
951,CC1(C)CC(=O)C2=C(C1)NC(=O)CC2c1ccc(Br)cc1
952,O=C(NCCc1ccc2c(c1)OCO2)Nc1ccncc1
953,O=S(=O)(NC[C@H]1CCCN1)c1ccc(OC(F)F)cc1
954,CCS(=O)(=O)N1CC(CC#N)(n2cc(-c3ncnc4[nH]ccc34)cn2)C1
955,Cn1cc(CCNc2cncc(Br)c2)cn1
956,O=C(/C=C/c1ccc(Cl)cc1)N1CCC2(CC1)CN(Cc1ccc(Cl)c(Cl)c1)C(=O)O2
957,Cc1cccc(NC(=O)c2ccc3ccccc3c2)n1
958,O=C(CSc1ccc(F)cc1)N1CCCC1
959,COc1ccc(N2N=C(C)/C(=C(\C)Nc3ccc(S(N)(=O)=O)cc3)C2=O)cc1
960,Cc1ncsc1C(=O)N1CCCCC1c1nc(N)ncc1-c1cccc(C(F)(F)F)c1
961,CCCn1cnnc1CN(C)Cc1cc(C(C)C)on1
962,CNC(=O)c1cccc(Oc2ncnc3c2CN(C)CC3)c1
963,COc1ccc(-c2nc(CC(N)=O)sc2C)cc1.Cl
964,CCCN1CCn2nc(-c3nc4cc(OC)ccc4[nH]3)cc2C1
965,Cn1nc(C2CC2)c2[nH]c(-c3cccc(CN4CCOCC4)c3)nc21
966,Cc1cc(=O)oc2cc(NC(=O)[C@H](CCCCN)NC(=O)[C@H](CC3CCCCC3)NC(=O)OCC3c4ccccc4-c4ccccc43)ccc12
967,COc1cccc(OCCCN)c1-c1cc(Nc2cnc(C#N)cn2)n[nH]1
968,COc1cccc(Cn2cnc3c(c2=O)COCC3)c1Cl
969,CN(C)C(=O)C(C)(C)NC(=O)OC(C)(C)C
970,CN(C)CC(C)(C)CNc1cn[nH]c(=O)c1Br
971,O=C1CCCN1CCc1nc(-c2ccc3[nH]c(=O)oc3c2)cs1
972,CC(C)(C)N1CCCN(C(=O)CNc2ccc(C#N)cc2)CC1
973,CCOc1ccc(CNC(=O)Cn2ccc3cc(S(=O)(=O)N4CCCC4)ccc32)cc1
974,O=C(NCCCNC(=O)c1cc2ccccc2[nH]1)c1ccc2c(c1)OCCO2
975,CCc1noc(CN2CCCN(C(C)=O)c3ccccc32)n1
976,O=C(c1cc2ccccc2[nH]1)N1C[C@@H](O)[C@H](N2CCOCC2)C1
977,CC(=O)N(c1ccc(C)cc1)c1nc(Cn2ccnc2)cs1
978,O=c1[nH]c2ccccc2n1C1CCN(Cc2nnsc2Cl)CC1
979,Cc1cccc(OC2CN(C(=O)Cn3c(C)nn(-c4ccccc4)c3=O)C2)c1
980,COC(C)(C)C(=O)Nc1ccnc(C(C)(C)C)n1
981,Cn1cc(NC(=O)c2cn(Cc3ccccc3)nn2)cn1
982,COCCc1nc(-c2ccccc2-c2ccccc2)n(CCO)n1
983,C=CCNc1ncc(-c2cnccn2)c(C2CC2)n1
984,CCN(CC)Cc1ccc2cc(COC(=O)Nc3ccc(C(=O)NO)cc3)ccc2c1
985,CSCc1csc(NC(C)=O)n1
986,COC(=O)c1cccc2c1CCCN2C(=O)c1ccccc1
987,O=C(CSc1nc2nc(O)cc(O)c2s1)c1ccc(-c2ccccc2)cc1
988,COCc1cc(-c2nc(CCc3ccccc3)n[nH]2)ccc1OC
989,Cc1cc2ncn(CC(=O)NC(C)(C)C)c2cc1C
990,CC(C)Cn1c(=O)[nH]c(=O)c2c1nc1n2CCCCC1
991,CC(C)(O)C(=O)N1CCC(c2ccc3c(NCc4ccccc4F)n[nH]c3n2)CC1
992,COC1(c2nc(Cc3ccccc3)no2)CCN(Cc2ncccc2Cl)CC1
993,CCc1cnc(C)nc1-c1ccc(-c2ccn[nH]2)cc1
994,O=C(O)c1cnc(/C=C/c2csc(-c3ccsc3)n2)s1
995,CC#CC(=O)N1CC[C@@H](n2cc(-c3ccc(Oc4c(F)cccc4F)cc3)c3c(N)n[nH]c(=O)c32)C1
996,CCOC(=O)C1(Cc2cc(-c3ccc(F)cc3)no2)CCN(Cc2ccccc2O)CC1
997,O=C(Nc1ccccc1)Nc1ccc(-c2ccc(C(=O)[C@H]3CCC[C@@H]3C(=O)O)cc2)cc1
998,COc1cc(OC)c(OC)cc1CNc1ccc(N2CCOCC2)c(C(=O)O)c1
999,CCc1cc(NS(C)(=O)=O)n(C)n1
1000,Cc1nc2ncccn2c1C(=O)N(CC#Cc1ccccc1)C1CCCC1
1001,CS(=O)(=O)Nc1ccccc1-c1ccncc1
1002,COc1ccc(Cl)cc1C(=O)NCCc1ccc(S(=O)(=O)NC(=O)NC2CCCCC2)cc1
1003,Cc1nccc(NC(=O)c2ccc(Cl)nc2Cl)n1
1004,c1csc(-c2csc3nc(CN4CCOCC4)nc(N4CCc5[nH]ncc5C4)c23)c1
1005,C=CC(=O)Nc1cccc(Nc2nc(Nc3ccc(Oc4ccnc(C(=O)NC)c4)cc3)ncc2F)c1
1006,Cc1ncsc1CNc1nnc(-c2ccncc2)o1
1007,Cc1ccc(Nc2ccnc(Nc3ccc(C)cc3)n2)cc1
1008,Cc1ccnc(NCc2cccnc2)n1
1009,CC(=O)NCCNc1cc(Cl)nn2c(-c3cccc(S(=O)(=O)N(C)C)c3)c(C)nc12
1010,Cc1ccccc1CNC(=O)c1ccc(-n2ccnc2)nc1
1011,CCOC(=O)c1c(C)[nH]c(CN(Cc2ccccc2)C(=O)c2ccccc2Cl)c1C
1012,Cc1nc(CC2CCN(S(=O)(=O)c3c(C)noc3C)CC2)cc(NC2CCCC2)n1
1013,COc1ccc(-c2nc3cc(C)ccc3cc2CN(C)Cc2nccn2C)cc1
1014,COc1cc(Br)c2c(=O)[nH]c(C)nc2c1
1015,CN(C)c1ccc(-c2ccc(C(=O)NCCN3CCCC3=O)cc2)nn1
1016,N#Cc1ccc2ncnc(N[C@H]3CC[C@H](N4CCOCC4)CC3)c2c1
1017,Cc1ccc(OCN2CCCCC2=O)nc1
1018,Cc1ccc(Cl)c(OC[C@@]2(O)CN(C3CCCC3)CC[C@@H]2O)c1
1019,O=C(CSc1ccc2c(c1)OCCO2)NC1CCCC1
1020,Cn1nccc1CC1CCN(C2CCCC2)CC1
1021,CN(CC(=O)NC1CC1)C(=O)C1C2CC3CC(C2)CC1C3
1022,Cc1ccc(C(=O)N(C)Cc2c(C)noc2C)cn1
1023,CCCN(Cc1ccccc1)C(=O)CC1(N)CCC1
1024,Cc1cc(C)c2c(C(=O)N3CC4(CNC(=O)N4)C3)cc(C)nc2c1
1025,CC(=O)Nc1nc(-c2c(C)cc(C)cc2C)cs1
1026,Cc1cc(CN2CCN(c3ncccn3)CC2)on1
1027,c1ccc(-c2cc3c(N4CCC(c5ncc[nH]5)CC4)ncnc3s2)cc1
1028,CC(=O)N1CCC(CCNc2ccc3ccc(F)cc3n2)CC1
1029,OCCCCCn1cc(-c2ccccc2-c2ccco2)nn1
1030,c1ccc(Nc2nc(N3CCNCC3)nc(N3CCOCC3)n2)cc1
1031,CCNc1ccnc(-c2cccc(C(=O)NCCCc3cnn(C)c3)c2)n1
1032,OC1(Cc2nc(-c3ccsc3)no2)CCCCC1
1033,CCn1nc(CNC(=O)C2CCOCC2)c2ccccc21
1034,CN(CCN1CCCCC1)c1cncc(C(N)=O)n1
1035,Cc1ccc(C(=O)C(=O)Nc2c(C)nn(C)c2C)cc1
1036,Nc1ccccc1OCCn1ccnc1
1037,CCC(C)(C)NC(=O)C1(Cc2ccc(-c3cc(F)ccc3OC)cc2)CCOCC1
1038,COCC(=O)N1CCC(Cc2ccccc2-c2cccc(F)c2)(C(=O)NC(C)C)CC1
1039,CN(Cc1cscn1)c1nc2c(cc1C#N)CCC2
1040,CN1CCN(C(=O)c2cc(Br)cnc2Cl)c2cnccc21
1041,Fc1ccc(-n2nc(C3CCOCC3)nc2-c2cn[nH]c2)c(F)c1
1042,Cn1cc(CCNC(=O)N2CCc3sccc3C2)cn1
1043,O=C(CSCCc1ccncc1)Nc1ccccc1
1044,CC(=O)c1ccccc1-c1cccc(C(=O)NCCCN2CCCC2)c1
1045,Cc1cccc(C)c1OCCn1nnnc1C
1046,c1ccc(-c2n[nH]c(C3CCN(c4ccccn4)CC3)n2)cc1
1047,CC1(C)CN(CC(=O)NCC#N)c2cccc(Cl)c21
1048,O=C(CCCc1cc(Cl)sc1Cl)N1CC[C@H](O)C1
1049,COc1ccc2c(c1)CN(C(=O)c1cc(C3CC3)[nH]n1)CC2
1050,OC1CCN(c2nccc(-c3cccs3)n2)CC1
1051,CCN(CC)C(=O)c1ccc(C2=CC3(CCNCC3)Oc3cccc(O)c32)cc1
1052,C#CCNC(=O)Cc1coc(-c2ccccc2)n1
1053,CCS(=O)(=O)N(C)c1ccc(N(C)C)cc1
1054,C=CC(=O)N1CCC([C@@H]2CCNc3c(C(N)=O)c(-c4ccc(Oc5ccccc5)cc4)nn32)CC1
1055,NCCOc1cccc(CC(=O)N2CCCN(C(=O)C3CCC3)CC2)c1
1056,COCCNC(=O)c1nnc2n(c1=O)CCN2c1ccccc1
1057,COc1ccc(OCc2n[nH]c(-c3n[nH]c4c3CCC4)n2)cc1
1058,O=C(c1cn(Cc2cncn2Cc2ccc(Br)cc2)cc1-c1cccc2ccccc12)N1CCOCC1
1059,CC#CC(=O)N1CC[C@@H](n2c(=O)n(-c3ccc(Oc4ccccc4)cc3)c3c(N)ncnc32)C1
1060,c1ccc(OCCN2CCN(c3ncccn3)CC2)cc1
1061,N#CCCCN1CCN(c2cc(C#N)ccn2)CC1
1062,O=C(NCc1nnc2n1-c1ccccc1CC2)c1ccc2ccccc2c1
1063,CC(COc1ccccc1Cc1ccccc1)N1CCCCC1
1064,CCNc1ccnc(N(C)Cc2nc3ccccc3n2C)n1
1065,CN1CCc2nc(NC(=O)c3ccc(Cl)s3)sc2C1
1066,O=C1CCCN1CCCc1nc(Cc2c(Cl)cccc2Cl)n[nH]1
1067,Cc1cccc(NCC2CCN(C(=O)c3ccccc3)CC2)n1
1068,CC1CCN([C@H](c2ccc(F)cc2)c2ccc([C@@H](C)C(=O)O)cc2-c2ccc(C(F)(F)F)cc2)CC1
1069,CCN1CCC(Nc2nc(C)cc(C)c2C#N)CC1
1070,COc1cc(F)ccc1-c1ncccc1NC(=O)C(C)C
1071,Cc1cccc(NC(=O)CN(C)Cc2nc3ccc(Cl)cc3c(=O)[nH]2)c1C
1072,CC(C)Oc1ccc(CCNC(=O)N2CCC[C@H]2C(=O)N2CCCCC2)cc1
1073,O=C(C1CC1)N1CCC(CNS(=O)(=O)N2CCCCCC2)CC1
1074,CCNC(=O)C1CN(c2cccc(C#N)n2)C1
1075,O=C(OCc1cc(Cl)ccn1)c1ccc2[nH]c(C(F)F)nc2c1
1076,Cc1cc(C)n2nc(C)c(C(=O)NCC3CC3)c2n1
1077,CCOC(=O)c1cc2ccccc2n1CC(=O)c1ccc(F)cc1
1078,O=C(c1ccc(F)cc1)N1CCN(CC(=O)N2CCCC2=O)CC1
1079,COc1ccc(C(=O)c2ccc(C)cc2)c(OC)c1
1080,CC(=O)NC1CCN(Cc2cccc(-c3cccnc3)c2)CC1
1081,Cc1noc(NCc2cccc(-c3cccnc3)c2)n1
1082,CN(C)c1cncc(-c2ccc(C(=O)NC(C)(C)C)cc2)n1
1083,COc1ccc(C2(NCc3ccc(N4CCCC4=O)cc3)CC2)cc1
1084,CC(=O)N1CCCN(C(=O)Cc2csc(C(C)C)n2)CC1
1085,COc1cccc(CN2Cc3ccccc3OC3(CCOCC3)C2)c1
1086,Cc1ccc(Oc2ccc(Cl)cc2NC(=O)CN(C)CC(=O)N(C)C)cc1
1087,CCOc1ccc(C(=O)Nc2cnn(C3CCOCC3)c2)cn1
1088,Cc1cccc(Oc2ncccc2N)c1C
1089,O=c1c2ccccc2nc2n1CCN(Cc1ccc(F)cc1)CC2
1090,O=C(NC1CCCC1)N1CCN(c2nccn3nc4c(c23)CCCC4)CC1
1091,Cc1ccccc1N(CC(=O)N(C)C)S(C)(=O)=O
1092,CCn1nc(CNC(=O)c2nc(C)c[nH]2)c2ccccc21
1093,O=C(c1cccc(Cl)c1)N1CCN(C(=O)c2ccc3ccccc3c2O)CC1
1094,COc1cccc(C)c1C(=O)N(C)Cc1ncc[nH]1
1095,Nc1nc(CN2CCN(c3ccc(F)cc3)CC2)cs1
1096,CSCC(=O)N1CCN(C(=O)CSC)C2(CCCCC2)C1
1097,Fc1ccc(CCNc2ncnc3ncccc23)cc1
1098,COc1ccc(-c2noc([C@@H]3CCCN3Cc3cccnc3)n2)cn1
1099,Cc1cc(C)n(CCNC(=O)NC2CCOCC2)n1
1100,COc1nc2c(cc1CNC(=O)N1CCC[C@@H]1CO)C(=O)N(C1CCCC1)C2
1101,CCOC(=O)c1cccnc1-c1ccc2[nH]ccc2c1
1102,OC1(c2cccnc2F)CCN(Cc2ccc(-c3ccc(F)cc3)o2)CC1
1103,c1cnc(NCc2cnc3ccsc3c2)nc1
1104,O=C(CN1CCC(c2ccccc2)CC1)N1CCNC1=O
1105,N#Cc1c(O)nc2scc(-c3ccc(-c4ccccc4O)cc3)c2c1O
1106,Cc1ccnc(C2CCN(C3CCCC3)CC2)n1
1107,Cc1cc2nc(CCC(=O)N3CCc4n[nH]cc4C3)[nH]c2cc1C
1108,CC1(C)CC(=O)c2c(C(F)(F)F)nn(-c3ccc(C(N)=O)c(N[C@H]4CC[C@@H](O)CC4)c3)c2C1
1109,COc1cccc(-c2nc(-c3cccnc3)n[nH]2)c1
1110,Cc1cccc(NC(=O)CN(C)Cc2nc3ccccc3c(=O)[nH]2)c1C
1111,Cc1ccc2c(c1)c(Cn1ccnc1-c1cccc(C)n1)nn2C
1112,Cc1nc(C)c(CNc2ncnn2C)s1
1113,CC1CCC(O)(CSc2nncn2C(C)C)CC1
1114,Cc1cc(Nc2cc(N)ncn2)c(=O)n2c1C(=O)NC21CCCCC1
1115,C=C1C[C@@H]2[C@H](CC[C@]3(C)C(=O)CC[C@@H]23)[C@@]2(C)C=CC(=O)C=C12
1116,CCCNC(=O)C1(NCc2cncnc2)CCCCC1
1117,CCCC(=O)N1CCC(c2cccc(C)n2)CC1
1118,Cn1cc(C#N)cc1-c1nc(C2CC2)nn1CCc1ccccc1
1119,C[C@H]1Oc2cc(cnc2N)-c2c(nn(C)c2C#N)CN(C)C(=O)c2ccc(F)cc21
1120,Cc1cncc(C2CCN(Cc3cnccn3)CC2)n1
1121,COc1cccc(-c2cccc(N)n2)c1F
1122,Cn1cnnc1-c1cccc(NS(=O)(=O)c2ccc(N3CCCC3=O)cc2)c1
1123,COc1cc(CN2CCC(c3ccnc(C)n3)CC2)ccc1F
1124,CC(C)CN(Cc1cnn(C)c1)C(=O)c1cccc(-c2cnccn2)c1
1125,Cc1cnn(C2CN(CC3(O)CCCCC3)C2)c1
1126,N#Cc1ccc2nc(NCCn3ccnc3)ccc2c1
1127,CCOC1CCN(C(=O)Cn2c(=O)[nH]c3ccccc32)CC1
1128,O=C(CCc1ccco1)Nc1ccccc1OC(F)F
1129,c1cc(-c2nnc(NCc3cncs3)o2)ccn1
1130,Cc1nn(C)c2nc(N3CCN(C)C[C@@H]3c3ccccc3)sc12
1131,CCCn1ccnc1CNc1nc2c(s1)c(C)nn2C
1132,Cn1nc(-c2cc(F)cc(F)c2)cc1N
1133,CN1CCC(C(=O)N2CCC(c3cc(C(F)(F)F)c4c(n3)CCNC4=O)CC2)CC1
1134,CC(C)=CCOc1cccc(C(=O)NN2CCOCC2)c1
1135,O=C(Nc1ccc(COC2CCCC2)cc1)N1CCC(CO)CC1
1136,CC(C)(C)C(=O)N1CCC(Cc2ccc(-c3cccs3)cc2)(C(=O)N2CCCC2)CC1
1137,O=C(O)c1ccc(N2CCCC2)c(F)c1
1138,COc1ccc(Cl)cc1-c1cccc(C(=O)NCCN2CCCC2=O)c1
1139,COc1cccc(F)c1NC(=O)N1CCC(N2CC=CC2)CC1
1140,Cn1c(SCOCc2ccccc2)nnc1C1CC1
1141,Cc1cc(N)n(-c2ncnc3sc(C)c(-c4ccc(Cl)cc4)c23)n1
1142,CC(=O)NCc1cc2n(n1)CCN(C1Cc3ccccc3C1)C2
1143,O=c1[nH]nc(CCCN2CCOCC2)n1-c1cccc(Cl)c1
1144,O=c1c(CO)cc2cc3c(cc2n1Cc1ccccn1)CCC3
1145,O=C(Nc1cnc2ccccc2n1)c1ccncc1
1146,CN1CCC(Cc2cccc(-c3nccs3)n2)C1
1147,C[C@@]12CCCN1C(=O)[C@H](C1CCCCC1)NC2=O
1148,CS(=O)(=O)Cc1ccn(-c2ccccc2)n1
1149,Cc1ccc(-c2noc(CCC(=O)N3CCCC3(C)C)n2)cc1F
1150,CNc1cc(Nc2cccn(-c3ccccn3)c2=O)nn2c(C(=O)N[C@@H]3C[C@@H]3F)cnc12
1151,Cc1nc(CCN2C(=O)NC(C)(C)C2=O)cs1
1152,CC(=O)N1CCN(C(=O)CS(=O)(=O)C23CC4CC(CC(C4)C2)C3)CC1
1153,Cc1cc(Nc2cnccn2)cc(C2CCCN(CC(=O)N3CCCC3)C2)n1
1154,Cc1noc2ncc(C(=O)Nc3nc(C4CC4)cs3)cc12
1155,CCOc1cc(N(C)CC2CCN(C)CC2)ncn1
1156,CCCn1cc(CN2CCC(c3nc(N(C)C)no3)CC2)cn1
1157,c1cc2cc[nH]c2c(CC2CN(C3CCCC3)C2)n1
1158,Cc1noc(-c2ccc(NC(=O)Cc3ccccc3)cc2)n1
1159,COc1ccc2nc(NCc3cnn(C)c3)ccc2c1
1160,CC(=O)N1c2ccc(S(=O)(=O)Nc3cccc(-c4cnco4)c3)cc2CC1C
1161,Cc1nn(C)c2ncnc(N(C)Cc3cccc(Cl)c3)c12
1162,Cc1nccc(-c2cccc(NCC(=O)NCC(=O)N3CCCC3)c2)n1
1163,CN(c1ccc(NC(=O)Nc2ccc(OC(F)(F)F)cc2)cc1)c1ccnc(Nc2cccc(S(N)(=O)=O)c2)n1
1164,Cn1nc(-c2cn(Cc3ccc(CO)cc3)nn2)c2c(Cl)cccc21
1165,Cc1ccc(Cn2nc(C(=O)N[C@@H]3C(C)(C)[C@@H]4CC[C@@]3(C)C4)cc2-c2ccc(Cl)c(C)c2)cc1
1166,Cc1cnn(Cc2nnc(-c3ccccc3)s2)c1
1167,CC(=O)Nc1ncc(CN2CCCC[C@@H]2C)s1
1168,Cc1nn(C)c(C)c1NC(=O)CN1CCC2(CCCCC2)CC1
1169,O=C(Cc1ccc2ccccc2c1)NCCc1nc2ccccc2[nH]1
1170,O=c1[nH]c2ccccc2n1C1CCN(Cc2nc(-c3ccsc3)no2)CC1
1171,Cc1nc(NCc2sccc2C)n(C)n1
1172,Cc1nccc(-c2cccc(NCC(=O)N3CCCCCCC3)c2)n1
1173,CCc1nnc(N2CC(N(C)C)C2)c(C#N)c1CC
1174,Cc1ccc(C(=O)Nc2ncccc2C)s1
1175,Cc1ncc(CN2CCC(Nc3ccc4nnnn4n3)C(C)C2)s1
1176,COc1ccncc1NCc1ccc2c(c1)OCCO2
1177,CC(C)N(C(=O)Cn1cccc2cc(-c3ccco3)nc1-2)C(C)C
1178,O=C(CNc1cc(N2CCCC2=O)ccc1F)N1CCCCCC1
1179,CCc1nnc(Nc2cccc(C3CCCN(CC(=O)N4CCCC4)C3)n2)s1
1180,O=C(c1ccc2[nH]ccc2c1)N1CCCC(c2cccc(-c3ccc(F)cc3)n2)C1
1181,CC(=O)Nc1ccc2nc(C)cc(O)c2c1
1182,Cc1nccc(-c2cn(Cc3ccccc3)c3cnccc23)n1
1183,Cc1cnc(C(=O)NCCc2ccc(S(=O)(=O)NC(=O)NC3CCCCC3)cc2)cn1
1184,Cc1ccccc1C(=O)Nc1nc(C)c(C)s1
1185,CCOCCC(=O)N1CCC2(CCCN(C)CC2)CC1
1186,CC(C)C(=O)N1CCn2nc(CNC3CCc4ccccc4CC3)cc2C1
1187,O=C(NC1CC1)c1cccnc1Oc1ccccc1
1188,O[C@@H]1C[C@@H](c2nc(-c3cccnc3)no2)N(CCCc2ccccc2)C1
1189,Cc1ccc2nc(CN(C)Cc3cccc(Cl)c3Cl)cc(=O)n2c1
1190,C#CCOc1ccc(OC)cc1C(N)=O
1191,Cc1n[nH]c(C)c1CCC(=O)N1CCOCC1
1192,COC(C)(C)CCNC(=O)CC1CC(C)(C)NC(C)(C)C1
1193,Cn1cc(Nc2nc(N)nc(-c3cccc(-n4ccc5cc(C6CC6)cc(F)c5c4=O)c3CO)n2)cn1
1194,Cc1noc([C@@H]2C[C@H](NC(=O)c3ccc(F)cc3)CN2C)n1
1195,CSc1ccc(CN(CCO)C(=O)CCc2cccc(F)c2)cc1
1196,CN(C)CCOc1ccc(-c2nc(-c3ccncc3)c(-c3ccc4c(c3)CC/C4=N\O)[nH]2)cc1
1197,CCc1c(N)cnn1-c1ccccc1C
1198,COc1cc(Nc2cc(-c3cccc(C#N)c3)ccn2)ccc1N1CCN(C)CC1
1199,CC(C)(C)NC(=O)NCCn1nc2c(cc1=O)CCCC2
1200,COc1ccc(Nc2c(C#N)cnc3cc(OC)c(OC)cc23)cc1Cl
1201,CC(C)N1CCN(CCCSc2ccccn2)CC1
1202,O=C(NCc1cccs1)c1cccnc1
1203,CC(C)n1nnnc1-c1ccc(N)cc1F
1204,Cc1nc2cc(-c3nccn3C)nn2c(NCCCN(C)C)c1C
1205,Cn1c(-c2ccc(F)cc2)cnc1NC(=O)CCC(=O)N1CC(=O)Nc2ccccc21
1206,CNC(=O)c1ccc(N(C)C2CCC2)nn1
1207,Cc1nc(NCc2cn(C)nc2-c2cccs2)n(C)n1
1208,CC(C)c1nnc(CNC(=O)C2(C)CCC2)n1C
1209,Cc1cccc(NC(=O)CN(C)c2ncccc2F)n1
1210,Cc1cc(Nc2nnc(C)s2)cc(C2CN(C(=O)c3c(C(C)C)noc3C)CCO2)n1
1211,O=C(CN1CCCN(c2ccc(C(F)(F)F)cn2)CC1)Nc1cccc(F)c1
1212,Cc1cnn(CC(=O)NCCCn2cc(Cl)cn2)c1
1213,O=C(Cc1cccc2ccccc12)NCc1nnc2n1-c1ccccc1CC2
1214,Cc1ccc(-n2c(S)nnc2-c2ccc(O)cc2)c(C)c1
1215,N#Cc1cccc(CN2CCOC[C@H](Oc3ccccc3)C2)c1
1216,Cn1cnnc1-c1cccc(NS(=O)(=O)c2ccc3c(c2)OCCCO3)c1
1217,CCOc1ccc(C(=O)Nc2cc(C(=O)OC)ccc2N2CCN(C(C)=O)CC2)cc1
1218,c1cc(-c2noc(CN3CCOCC3)n2)ccn1
1219,Cc1csc(NC(=O)c2ccc(-c3ccncc3)cc2)n1
1220,CCOc1ccc(OCCN2CCN(C(C)=O)CC2)cc1
1221,CC(=O)NC1CCC(NCCSc2ccc(C)cc2)CC1
1222,CN(C)c1nc(CN2CCOCC2)nc2scc(-c3cccs3)c12
1223,COCc1noc(CNC(=O)N(C)[C@@H](C)c2ccccc2)n1
1224,CC1(C)OCCn2c1nc1c(N3CCOCC3)nc(-c3cnc(N)nc3)nc12
1225,CNc1ncc(CN(C)CCN2CCCCC2)cn1
1226,O=C(CN1CCCN(c2ccc(C(F)(F)F)cn2)CC1)Nc1ccccc1F
1227,CN(CC1(O)CCCC1)c1ncccn1
1228,CC(C(=O)Nc1ccc(C(N)=O)cc1)N1CCCC(c2nc3ccccc3o2)C1
1229,CCCN(C(=O)c1c(CC)noc1C)C1Cc2ccccc2C1
1230,CCc1cc(CN(C)c2nccc(-c3ccc(C)nc3C)n2)on1
1231,Nc1ccc(Oc2ccccc2F)nc1
1232,CCn1c(-c2nonc2N)nc2cnc(Oc3cccc(NC(=O)c4ccc(OCCN5CCOCC5)cc4)c3)cc21
1233,O=C(CCc1ccccc1)N1CCC(c2cccc(Cc3ccc(F)cc3)n2)CC1
1234,COc1ccc(CNC(=O)CCCOc2ccc(C(C)=O)cc2)cc1
1235,O[C@@H]1C[C@@H](c2nc(-c3ccccc3)no2)N(Cc2ccccc2)C1
1236,Cc1ccc(-c2ccnc(O)c2C#N)cc1
1237,Fc1cncc(-c2cnc(NCc3ccc(Cl)c(F)c3)nc2)c1
1238,N#Cc1cccc(-c2ccc3[nH]ccc3c2)n1
1239,CN1CCC(n2ncc3[nH]c(-c4ccc5ccccc5c4)nc32)CC1
1240,Cc1nn(C)cc1CNc1nc(-c2cnccn2)nc2sc3c(c12)CCCC3
1241,COc1ccc2cc(-c3[nH]c(-c4ccc(S(C)=O)cc4)nc3-c3ccncc3)ccc2c1
1242,c1cnc(N2CCC(Cc3ccncc3)CC2)nc1
1243,Cc1nc(-c2ccccc2)ccc1C(=O)N1CCCS1(=O)=O
1244,CCc1cnc(CNC(=O)N2CCC(n3cncn3)CC2)s1
1245,CNc1nc(Nc2cnn([C@H]3CCN(C4COC4)C[C@@H]3F)c2Cl)ncc1C(F)(F)F
1246,c1ccc2c(c1)CN(c1cnc3ccccc3n1)CCN2
1247,Cc1nccc(N(C)Cc2ccc(N)nc2)n1
1248,COc1ccc(CN(C)C(=O)Nc2ccccc2)cc1F
1249,CCCN(C)C(=O)Nc1cccc(-c2nnc3n2CCCCC3)c1
1250,CCNC(=O)N1CCc2nc3ccc(F)cn3c(=O)c2C1
1251,CC(C)(C)C(=O)N1CCN(C(=O)CCN2CCOC2=O)CC1
1252,O=C(c1ccc(-n2cccn2)nc1)N1CCN(c2ccccc2O)CC1
1253,Cc1cc(N(C)C)nc(-n2cnc(C#N)n2)n1
1254,Cc1ccccc1OC1CCN(C(=O)Nc2ccc3c(c2)ncn3C)CC1
1255,CCOc1cccc(CNCCc2c[nH]c3ccccc23)c1
1256,CN1CCC(OC(=O)Nc2ccc(Cl)c(Cl)c2)CC1
1257,COc1ccc(CNc2ncc(-c3ccc4c(c3)OCO4)n2C)c(OC)c1
1258,CCCN(CC)c1ccc(C(=O)N2CCCN(C(C)=O)CC2)cc1
1259,CCC1(CC)NC(=O)N(CC(=O)N2CCOCC3(CCCC3)C2)C1=O
1260,Cn1c(=O)n(Cc2cccnc2)c(=O)c2ccc(C(F)(F)F)nc21
1261,Cc1ccc(F)cc1S(=O)(=O)Nc1ccc(C(=O)N2CCCC2)cc1
1262,O=C(OCC1CCSCC1)c1cccc(-n2cccn2)n1
1263,O=C1NCCN(C(=O)c2ccc3nccn3c2)C1c1ccccc1C(F)(F)F
1264,CCN(CC)CCCNc1ncc(-c2cc(C)no2)c(-c2ccco2)n1
1265,Cn1c(C(=O)N2CCN(CCc3ccccc3)C(=O)C2)cc(=O)n(C)c1=O
1266,C/C=C/CC(=O)N1CCC(c2cc(Cc3ccccc3)n[nH]2)CC1
1267,CCC1=C(C)CN(C(=O)NCCc2ccc(S(=O)(=O)NC(=O)N[C@H]3CC[C@H](C)CC3)cc2)C1=O
1268,Cc1cccc(NCCc2cc(F)cc3c2OCOC3)n1
1269,C#Cc1cccc(N(CCC(=O)NC(N)=O)Cc2cccs2)c1
1270,NC(=O)Cn1ccc(-c2ccccc2)n1
1271,Cc1ccc(NC(=O)CN2CCCN(c3ccc(C(F)(F)F)cn3)CC2)cc1
1272,COc1ccc([C@H]2CN(C(C)=O)[C@@H]3CCCN(Cc4cccc(F)c4)[C@H]23)cc1
1273,CN(Cc1ccc(Br)o1)C(=O)CN1CCCC1=O
1274,COc1ccc(-n2cc3c(c2-c2ccccc2Br)c(=O)n(C)c(=O)n3C)cc1
1275,COc1cc(CN2CCC(C(=O)N3CCOCC3)CC2)ccc1C
1276,Cc1cc(C(=O)NC2CCN(C(=O)c3cc(C)sc3C)CC2)no1
1277,c1ccc(OCc2cc(CC3(NCc4cnc5ccccc5c4)COC3)no2)cc1
1278,Cc1ncc(CCN2C(=O)NC3(CCCC3)C2=O)s1
1279,Cc1cc(C(=O)Nc2cccc(-c3cnco3)c2)c2c(C)nn(C)c2n1
1280,Cc1nc(C)c2c(C)c(C(=O)N(C)CCN3CCCC3)sc2n1
1281,Cc1ccc(CCC(=O)Nc2nccc3sccc23)o1
1282,O=C(CN1CCCC1=O)NCC1(CO)CCCC1
1283,Cc1csc(CN(C)c2ccnc(N(C)C)n2)n1
1284,CC(=O)N1CCC2(C=Cc3cc(C)c(C)cc3O2)CC1
1285,CCn1ncc(CN2CCC(c3nc(N(C)C)ncc3-c3ccc(OC)cc3)CC2)c1C
1286,CN(C)[C@@H]1CN(C(=O)c2cc3ccc(F)cc3[nH]2)C[C@H]1O
1287,COc1ccc(N)c(OCc2ccccc2)c1
1288,O=C(NCCN1C(=O)CSC1=O)c1cc(Cl)c2c(c1)OCO2
1289,O=c1ncn2nc(Sc3ccc(F)cc3F)ccc2c1-c1c(Cl)cccc1Cl
1290,O=C1CCCC[C@@H]2[C@H](C[C@@H](Cc3ccccc3F)N2C(=O)c2cccc3ncccc23)N1
1291,CN(CCc1ccccn1)C(=O)Nc1nncs1
1292,CN1CCN(Cc2noc(Cc3ccccc3)n2)c2ccccc21
1293,c1nn(C2CCOCC2)cc1Nc1ncc2nnn(-c3ccc4cn[nH]c4c3)c2n1
1294,CC(C)c1nc(NCc2cccnc2)n(C)n1
1295,CNC(=O)CC1CCN(c2ncccn2)CC1
1296,CSc1ccc(NC(=O)Cn2nc(C3CC3)ccc2=O)cc1
1297,Cc1cc(C)cc(Oc2cc(C#N)ccn2)c1
1298,C[C@@H](c1ccc2ccc(O[C@H]3CC[C@@H](C(F)(F)F)CC3)c(C(F)(F)F)c2c1)N1C2CCC1CC(C(=O)O)C2
1299,O=C(CSc1ccccn1)N1CCSc2ccccc21
1300,Cc1ccc(-c2ccnc(N3C[C@@H](C)NC[C@@H]3C)n2)c(C)n1
1301,COc1ccccc1NC(=O)CN1CCCN(c2nc(C)cs2)CC1
1302,O=C(NCCCn1ccnc1)N1CCC12CCC2
1303,CC(C)C(=O)N1CC(Cc2nccc3ccn(C)c23)C1
1304,Cc1ccsc1C(=O)NCc1ccc2c(c1)OCCCO2
1305,Cn1ccnc1CNc1cc(Br)ccc1-n1cccn1
1306,CCc1ncnc(N(C)Cc2ccc(N)nc2)c1F
1307,COc1cc(F)c(NCC(=O)Nc2ccc(C)cc2)cc1OC
1308,CC(O)(C#Cc1ccc2c(c1)N(c1nc(N)ncc1Cl)CC2)c1nccs1
1309,CCN(C)S(=O)(=O)N(C)Cc1cnc2ccccc2c1
1310,CCc1nccn1Cc1nc(N)nc(N(C)C)n1
1311,CCc1nc(CNc2ccc(C#N)nc2)cs1
1312,N#Cc1cc(CN2CCC(Nc3ncnc4sc(Cl)cc34)CC2)ccc1F
1313,CCn1c(CN2CCCCCC2)nc2ccccc2c1=O
1314,COc1cccc(-n2nc(C(=O)O)cc2-c2ccc(C3CCCCC3)c(Cl)c2)c1
1315,COc1cc(OC)cc(-c2nnc(SCC(=O)Nc3cccc(C(=O)O)c3)s2)c1
1316,Cc1nsc(Nc2ccccc2)c1C#N
1317,O=C(CN1CCCN(c2nccs2)CC1)Nc1cccc(Cl)c1
1318,CO[C@H]1/C=C\C=C(/C)C(=O)NC2=CC(=O)C(NCCN(C)C)=C(C[C@@H](C)C[C@@H](OC)[C@@H](O)[C@@H](C)/C=C(\C)[C@H]1OC(N)=O)C2=O
1319,O=C(O)c1cccc(N2CCC(Oc3ccc(Cl)cc3)CC2)n1
1320,OCCOc1ccccc1OCc1ncc(Cl)cc1Cl
1321,OCC1CCCCN1Cc1ccc(Cl)c(Cl)c1
1322,CCOc1ccc2[nH]c(C(=O)N3CC[C@@](O)(CC(C)C)[C@@H](Oc4ccc(F)cc4)C3)c(C)c2c1
1323,CCC(CC)NC(=O)c1ccc2ncsc2c1
1324,COc1cc2nc(N)sc2cc1OC
1325,Nc1nnc(SCCSC2CCCCC2)n1C1CC1
1326,COc1cccc(CNc2ncc(-c3ccccc3)n2C)c1
1327,OCCn1cc(-c2ccc3c(c2)CC/C3=N\O)c(-c2ccncc2)n1
1328,CCc1nc2ccccc2n1CC(=O)Nc1ncc(C)s1
1329,Cc1nc([C@H]2CC[C@H](CNC(=O)CN3CCC(c4ccccc4)CC3)CC2)ccc1C(N)=O
1330,Cc1nn(-c2ccccn2)c2nc(C3CC3)cc(C(=O)O)c12
1331,CC[C@@H]1[C@H](F)C(=O)N[C@@H]1COc1nccc2cc(C(N)=O)c(OC)cc12
1332,CCc1c(C(=O)NCCc2ccc(N3CCCCC3)cc2)[nH]c2ccc(Cl)cc12
1333,CN1CCN(C(=O)C2(NC(=O)c3ccc(C(F)(F)F)cc3)CCCC2)CC1
1334,Cc1[nH]nc2c1C1(CCCCC1)CC(=O)N2
1335,COCCc1noc(CN2CC(c3ccccc3)(c3ccccc3)CCC2=O)n1
1336,Cc1cc(-n2ccnc2)ccc1C(=O)O
1337,O=c1c2cccc(C(F)(F)F)c2ncn1C1CCCC1
1338,CC(C)(C)CC(=O)N1CCC(OCCCN)CC1
1339,COc1cc(/C=C2\CCCN([C@@H](C)c3ccc(F)cc3)C2=O)ccc1-n1cnc(C)c1
1340,C[C@]12CCC3=C4CCC(=O)C=C4CC[C@H]3[C@@H]1CC[C@@]2(O)CC#N
1341,CCCCc1nc2cc(/C=C/C(=O)NO)ccc2n1CCN(CC)CC
1342,CCc1c(-c2ccccc2)[n+]([O-])c2c([n+]1[O-])CCCCC2
1343,Cc1cccn(Cc2cccnc2)c1=O
1344,CN(C)C(=O)OCCN1CCC(c2c[nH]c3ncccc23)CC1
1345,Cc1ccc2oc([C@H]3CCN(Cc4cccs4)C3)nc2c1
1346,COc1cc2c(cc1OC)-c1cc3ccc(OC)c(OC)c3c[n+]1CC2
1347,c1ccc(Nc2nc(N3CCOCC3)nc(N3CCOCC3)n2)cc1
1348,O=C1NCCCCC1NC(=O)N1CCc2sccc2C1
1349,CCN(Cc1ccccc1)C(=O)c1ccc(O)cc1O
1350,COc1ccc2nc(CN3CCC(O)(c4ccc(C)cc4)CC3)ccc2c1
1351,CC(C)(O)CNc1ncc(-c2ccnc(Nc3ccnc(Cl)c3)n2)c(CC2CC2)n1
1352,CC(C)[C@H](Nc1ncc(Cl)cn1)C(=O)N1CCCC1
1353,C#CCNC(=O)c1ccc2c(c1)OCO2
1354,O=C(CN1CCOC(c2ccc(F)cc2)C1)Nc1ccccc1OC(F)F
1355,C=CC(=O)N1C[C@H](Nc2ncnc3[nH]ccc23)CC[C@@H]1C
1356,N#Cc1c(F)cccc1Oc1cccnc1
1357,CCCn1cc(NC(=O)Nc2ccc(N3CCSCC3)cc2)cn1
1358,CCOC(=S)SCC(=O)Nc1nc(-c2ccc(C3CCCCC3)cc2)cs1
1359,Cc1ccc2[nH]c(CNC(=O)c3ncoc3C)nc2c1C
1360,O=C(NCCc1cnn(-c2ccccc2)c1)N1CCC1
1361,N#Cc1ccccc1N1CCC(N)CC1
1362,CC(C)N(C(=O)Cn1cccc2cc(C(F)F)nc1-2)C(C)C
1363,COc1cc2nc(/C=C/c3cocn3)sc2cc1OC
1364,CC1(CNC(=O)N2CCN(Cc3ccon3)CC2)CCCC1
1365,Cc1nc(C)c(C(=O)Nc2cccc(-c3ccn[nH]3)c2)s1
1366,Cn1cnnc1NC(=O)c1cnn2c1CCCC2
1367,N#Cc1cc(F)c(C(=O)Nc2ccnc(NC(=O)[C@H]3C[C@H]3F)c2)c(Cl)c1
1368,CCOC(=O)Nc1cc(-c2ccc(C)c(NS(C)(=O)=O)c2)nn2c(C)nnc12
1369,Cc1cccc(OC2CCN(CC(N)=O)CC2)c1
1370,CCn1c(SC)nnc1C1CCN(C)CC1
1371,COc1ccc(-c2cn3c4ccccc4nc3n2CCO)cc1
1372,Cc1cc(NC(=O)C2CCOCC2)sn1
1373,CC(C)(Oc1ccc(-c2cnc(N)c(-c3ccc(Cl)cc3)c2)cc1)C(=O)O
1374,COc1ccc(-c2csc3ncnc(Oc4ccc(C)nc4)c23)cc1
1375,CN(C)C(=O)C1(Cc2ccccc2-c2ccccc2)CCN(C(=O)C2CCCO2)CC1
1376,CN(Cc1ccc(CO)cc1)Cc1cc(F)c(F)c(F)c1
1377,Cc1nc(O)c(Cl)c(N(C)CC2CCN(C)CC2)n1
1378,COc1ccc(NC(=O)c2snnc2C)c(OC)c1
1379,CC(=O)N1CCC(c2ccccn2)CC1
1380,CCCc1cc(CNC(=O)N2C[C@H]3C[C@@H](C2)c2cccc(=O)n2C3)on1
1381,CC(=O)Nc1cnn(CC2CCN(C)CC2)c1
1382,Cc1cn(CCN2CCN(c3ccccc3-c3cc(C#N)cc(C(=O)NCCCN4CCCC4)c3)CC2)c2ccccc12
1383,O=C1NCC2(C/C=C/CCOc3ccccc31)CCN(C(=O)c1ccc3[nH]nnc3c1)CC2
1384,Cc1ccc2c(c1)cc(C(=O)N1CCOC(C(=O)N3CCc4ccccc4C3)C1)n2C
1385,COc1ccc(S(=O)(=O)N2CCC(N3CCC(C)CC3)CC2)cc1
1386,O=C(C1CCC(O)CC1)N1CCCN(c2ccc(F)cc2)CC1
1387,N#Cc1cnc2cc(F)cc(F)c2c1NC1CCN(CC(N)=O)CC1
1388,Cc1nc(Cn2ncc3ccccc3c2=O)cs1
1389,COc1ccc(NC(C)=O)cc1NC(=O)CN(Cc1ccccc1)C(C)C
1390,CC(C)c1nc(CCn2ccnc2-c2ccoc2)cs1
1391,CCc1nnc(NC(=O)Cc2cccc(F)c2)s1
1392,C[C@@H]1c2nnn(-c3ncc(F)cn3)c2CCN1C(=O)c1cccc(C(F)(F)F)c1Cl
1393,O=C(NCc1ccc2c(c1)OCCO2)c1sccc1C1CC1
1394,c1ccc2c(N3CCn4c(nnc4C4CC4)C3)ncnc2c1
1395,CC1CCC(O)(CSc2nnnn2C2CC2)CC1
1396,CC(=O)NC1CCC(NCCc2c(C)cccc2C)CC1
1397,O=C(CCCc1cc(Cl)sc1Cl)N1CCC(O)CC1
1398,Cc1ccc2c(c1)cc(CNCCc1ccccc1)c1nnnn12
1399,CCCc1noc2nc(-c3ccncc3)cc(C(=O)O)c12
1400,CN1CCC(NS(=O)(=O)C2CN(C(=O)c3cccc(Cl)c3)C2)CC1
1401,CC(=O)NC1(C(=O)N2CCCN(C3CC3)CC2)CCC(C)CC1
1402,CCN(c1cc(-c2ccc(CN3CCOCC3)cc2)cc(C(=O)NCc2c(C)cc(C)nc2O)c1C)C1CCOCC1
1403,CN1CCCN(C(=O)NCCOc2ccc3c(c2)OCO3)CC1
1404,c1ccc(-c2ncc(CNc3ncccn3)s2)nc1
1405,CNCc1cc(N(C)C)nc(C2CCCN2C(=O)C2CCCC2)n1
1406,O=C(NCc1cccnc1)c1sccc1-c1ccccc1
1407,CN(c1ncnc2c1cnn2CCO)C1CCCCC1
1408,NCCOc1cccc(CC(=O)N2CCC(F)(F)CC2)c1
1409,CN(CC(N)=O)Cc1cc2c(cc1Br)OCO2
1410,CC(C)c1ccc(CN2CCN(C(=O)C3CCN(C(=O)C4CC4)CC3)CC2)cc1
1411,O=C(NCc1ccc(F)cc1)C1CCN(C(=O)/C=C/c2ccccc2)CC1
1412,Cc1cccnc1NC(=O)Cc1coc2c(C)c(C)ccc12
1413,CC1(C)CC[C@]2(NC(=O)C(C)(F)F)CC[C@]3(C)[C@H](C(=O)C=C4[C@@]5(C)C=C(C#N)C(=O)C(C)(C)[C@@H]5CC[C@]43C)[C@@H]2C1
1414,CCc1nnnn1Cc1noc2c1CCCC2
1415,CC1Cc2ccccc2N1C(=O)CN1CCC(n2c(=O)[nH]c3ccccc32)CC1
1416,COc1cccc(OC)c1-c1cc(C(=O)N[C@@H](CC(C)C)C(=O)O)nn1-c1ccnc2cc(Cl)ccc12
1417,CC(=O)Nc1ccccc1OCCOc1ccc(Cl)cc1
1418,CCCCc1c(C)[nH]c2nc(N(Cc3cccs3)C(C)=O)nn2c1=O
1419,CC(C)N(C)S(=O)(=O)N1CCC(CNC(=O)CCCn2cccn2)CC1
1420,O=C1CCC(=O)N1CCN1CCCCc2ccccc21
1421,Fc1ccccc1CNc1nc(-c2ccccc2)no1
1422,O=c1c2oc3ccccc3c2ncn1Cc1ccc(Cl)cc1
1423,CN(C)c1ccc2c(c1)OCCN2C(=O)NCc1cccnc1
1424,CC(C)Oc1cccc(C(C)NC(=O)c2ccnc(-n3cncn3)c2)c1
1425,Cc1nc(C)c(CNc2cnn(-c3ccccc3)c2)s1
1426,Cc1nc2ccc(NC(=O)c3sc(-c4ccccn4)nc3C)cc2s1
1427,Cc1sc(-c2ccccn2)nc1-c1ccc(NC(=O)C(C)C)cc1
1428,COCCN(C)c1ccc(CN2CCOC3(CCCC3)C2)cn1
1429,Cc1cc(NCc2ccnc(N3CCCC3)c2)c2ccccc2n1
1430,Cc1ccc(C)c(S(=O)(=O)N2CCCN(C3CCC3)CC2)c1
1431,Cc1csc2nc3n(c(=O)c12)CCNCC3
1432,c1ccc(CO[C@@H]2CCC[C@H]2n2cc(-c3nccs3)nn2)cc1
1433,CC1(C)CN(C(=O)C2(C(=O)N3CC(C)(C)C3(C)C)CCC2)C1(C)C
1434,COCCOCc1ccc(-c2cc3onc(-c4ccccc4)c3c(=O)n2C)cc1
1435,COc1cc2nc(CN3CCC(CO)CC3)[nH]c(=O)c2cc1OC
1436,CC(=O)N1CCN(c2nc(C(F)(F)F)nc3sc(C)c(C)c23)CC1
1437,CC(C)N(C)S(=O)(=O)NCCCc1nc2cc(Cl)ccc2[nH]1
1438,COc1ccc(CN[C@@H]2CCC[C@H]2Cc2cc(C)no2)cc1OC
1439,C1CN(c2nc3c(c(N4CCSCC4)n2)SCC3)CCS1
1440,Cc1cc2ccccc2n1CC(=O)N1CCc2ccc(O)cc2C1
1441,O=C(Cc1csc(-c2ccccn2)n1)NC1CCCCCC1
1442,CC(C)(C)c1ccc(C(=O)Nc2cn3cc(-n4ccnc4)ccc3n2)cc1
1443,Cc1nc(O)c2c(n1)CN(Cc1ccccc1)CC2
1444,Cc1c(Cl)cccc1NC(=O)C(C)N1CCCN(c2nccs2)CC1
1445,COc1ccc(C)cc1NC(=O)CN1CCc2ccccc2C1
1446,O=C([C@H]1CCCN(Cc2ccc(Cl)cc2)C1)N1CCc2ccccc2C1
1447,CN1C(N)=N[C@](C)(c2cc(NC(=O)c3ccc(F)cn3)ccc2F)CS1(=O)=O
1448,Cn1cc(-c2cccc3c(C(N)=O)cccc23)cn1
1449,CN(CCCC1CCCC1)Cc1cc(=O)[nH]c(=O)[nH]1
1450,N#Cc1cc(F)c(N2CCN(CCO)CC2)c(F)c1
1451,N#Cc1ccc(CCC(=O)Nc2ccncc2)cc1
1452,CCOC(=O)c1cccnc1-c1cccc2ccnn12
1453,CC(=O)Nc1ccc(C(=O)N2CCCCC2c2nc(N)ncc2-c2cccc(Cl)c2)cc1
1454,CSCc1c(C(=O)NC(C)C)oc2ccccc12
1455,CC(C)(C)Sc1c(CC(C)(C)C(=O)O)n(Cc2ccc(Cl)cc2)c2ccc(OCc3ccc4ccccc4n3)cc12
1456,O=C(Nc1ccc(N2CCCC2)cn1)c1ccc(-c2cnco2)cc1
1457,CCCc1cc(C)nc(O)c1CNC(=O)c1cc(-c2ccc(N3CCN(C(C)C)CC3)nc2)cc2c1cnn2C(C)C
1458,Cc1nnc(N2CCCSCC2)c(C#N)c1C
1459,CN1CCC[C@H]1C(=O)N[C@@H](CO)Cc1ccccc1
1460,CN1CCC(CNC(=O)c2ncoc2-c2ccc(F)cc2)CC1
1461,O=C(c1cccc(CNc2ccc3nccnc3n2)c1)N1CCCCC1
1462,CN(CCn1cnc(C#N)c1C#N)c1ccccc1
1463,Cc1noc(C)c1C(=O)N1CCCN(c2ccc(F)cc2)CC1
1464,CC1(C)CCCN1C(=O)c1c(F)cc(C#N)cc1F
1465,COc1ncccc1C(=O)Nc1nc(C)nn1C
1466,CC(C)c1nccn1Cc1nc2ccccc2[nH]1
1467,Cc1ccc(C)c(OCCN(C)C(=O)c2ccc3c(c2)nnn3C)c1
1468,O=C(CSc1nccn1C1CC1)Nc1c(Cl)cc(Cl)cc1C(=O)O
1469,CC(C)c1noc(CNC(=O)N2C[C@H]3C[C@@H](C2)c2cccc(=O)n2C3)n1
1470,N=C(N)N/N=C/c1c(Cl)cccc1Cl
1471,Oc1ccc2nc(/C=C/c3csnn3)ccc2c1Cl
1472,O=C(CN1CCc2ccccc21)N1CCNC1=O
1473,Cc1cncc(CN2CCC(=C3c4ccc(Cl)cc4CCc4cccnc43)CC2)c1
1474,CCCC(=O)Nc1ccc(C(=O)N(C)C)cc1
1475,CC(C)Cc1nn(C)c(=O)c2c(SCCCO)n(Cc3cccc4ccccc34)cc12
1476,Cc1ccc(C)c2c(O)cc(CN3CC(c4ccccn4)C3)nc12
1477,Cn1c(CNC(=O)Cc2ccccc2)nc2ccccc21
1478,O=C(NC1CCCC1)c1cc(C2CC2)nc2ccccc12
1479,Cn1c(=O)c(C(=O)CSc2nc3ccccc3n2C)c(N)n(Cc2ccccc2)c1=O
1480,COCc1ccc(SCC(=O)NC2CCCC2)cc1
1481,CN(C)C1CN(c2nc(-c3cnccn3)nc3sc4c(c23)CCCC4)C1
1482,COCCc1nc(-c2cnc(C3CC3)nc2)n(Cc2ccc(F)cc2)n1
1483,O=C(c1ccccc1F)N1CCC[C@@H]1Cn1nnn(-c2cccs2)c1=O
1484,O=C([C@H]1CCCN(Cc2ccc(F)cc2)C1)N1CCc2ccccc2C1
1485,Clc1ccc2c(NCCN3CCOCC3)ncnc2c1
1486,COc1ccc(CCNCc2ccc(-c3ccccc3)o2)cc1OC
1487,Cc1oc2ncnc(NCc3cc(F)cc4c3OCOC4)c2c1C
1488,Cc1cccc(NC(=O)N2CCC(N3CC=CC3)CC2)c1Cl
1489,O=C(c1ccccc1N1CCOCC1)N(Cc1ccccn1)C1CCCCC1
1490,Cc1ccc(-c2cn(CC3CCN(Cc4c[nH]c(C)n4)CC3)nn2)cc1
1491,Cn1ncnc1NCc1cc(F)cc(F)c1
1492,Cc1ccncc1-c1ccc(-c2ccn[nH]2)cc1
1493,CS(=O)(=O)CCNc1ccc2ccc(F)cc2n1
1494,CNCc1cc(N(C)C)nc(C2CCCN2C(=O)CCc2c[nH]c3ccccc23)n1
1495,COc1cc(CNC(=O)NC2CCCCC2)cc(OC)c1O
1496,COc1cc(CNc2nnn[nH]2)cc(Br)c1OCc1ccc(Cl)cc1
1497,COc1ccc(/C=C/C(=O)c2c(C)nc3ccccc3c2N)cc1
1498,CC(C)(O)CCn1cc2cc(NC(=O)c3cccc(C(F)(F)F)n3)c(C(C)(C)O)cc2n1
1499,O=C(Cn1cc(NCc2cccc(Cl)c2)cn1)N1CCOCC1
1500,Cc1noc(C(C)C)c1C(=O)N1CC(C)OC(c2ccccc2)C1
1501,CCc1cc(CNC(=O)Nc2ccc(N3CCSCC3)cc2)on1
1502,COc1nc(C)nc(N(C)Cc2nccs2)c1C
1503,O=C(Nc1ccc(C(=O)O)c(O)c1)c1ccc(NC(=O)c2cccs2)cc1
1504,Cn1cnc2ncn(Cc3nc(CCc4ccc(Cl)cc4)no3)c(=O)c21
1505,CN(Cc1nnc(C2CC2)n1C)C(=O)C1C2CC3CC(C2)CC1C3
1506,O[C@H]1CC[C@H](Nc2ncc3nc(Nc4c(F)cc(F)cc4F)n([C@H]4CCOC4)c3n2)CC1
1507,Cc1ccc(C#N)c(NCc2ccccc2-n2ccnc2)n1
1508,Cc1ccccc1CSc1ccc(-c2ccccn2)nn1
1509,COc1ccc(NC(=O)C(C)N2CCCN(c3ccc(C(F)(F)F)cn3)CC2)cc1
1510,Cn1ccc(CN2CCC(c3cnccn3)CC2)n1
1511,COc1cc(OC)cc(N2CCC(NCC3(C)CCOCC3)CC2)c1
1512,CN(Cc1ccc2c(c1)OCO2)Cc1ccccc1C#N
1513,Cc1nc(N(C)C)nc(C)c1NC(=O)C1CCCCC1
1514,COc1ccc(CNCc2cccc3ccccc23)cc1
1515,c1ccc2nc(NCCn3ccnc3)cnc2c1
1516,Fc1cccc(OC2CCN(Cc3nc4ccccc4[nH]3)CC2)c1
1517,Cc1cc(C)nc(N2Cc3ccccc3C2=N)n1
1518,Cc1ccc(C(=O)N(C)C)cc1NS(C)(=O)=O
1519,CCN(CC)C(=O)c1ccc(NC(C)=O)cc1
1520,CCOC(=O)c1ccc(N2CCSCC2)nc1
1521,Fc1ccc(CN2CCCN(c3ccc4nnnn4n3)CC2)cc1
1522,O=c1[nH]c2ccccc2n1C1CCN(CCc2ccccn2)CC1
1523,Cc1cc(F)ccc1-c1nc(CCn2c(C)nc3ccccc32)no1
1524,CN(CCOc1ccccc1)CC(=O)NCCc1ccccc1
1525,CC(C)CCn1ccc(NC2CCN(C(C)C)CC2)n1
1526,CCc1cc(-c2ccc(OC)c3ncccc23)nc(N2CCOCC2)n1
1527,Clc1cccc(-c2nnc(Cn3cnc4ccccc43)o2)c1
1528,O=C([C@@H]1CCCN1C(=O)NC(c1ccccc1)c1ccccc1)N1CCCCC1
1529,Clc1ccc2c(Oc3cccnc3)ncnc2c1
1530,O=S(=O)(c1cn[nH]c1)N1CCCC(c2cccc(-c3cccc(Cl)c3)n2)C1
1531,Cc1nc(-c2cccc(-c3ccc(C(=O)NC[C@@H]4CCCN4)cc3)c2)no1
1532,CN(CC1CCCC1)C(=O)Nc1ccccc1N1CCOC1=O
1533,O=C(Nc1ccc(S(=O)(=O)Nc2ccnn2-c2ccccc2)cc1)c1ccco1
1534,CCCCCCNc1ncnc2[nH]ccc12
1535,Cc1cc(C)c2ccc(C(=O)N3CCN(c4nc[nH]n4)CC3)cc2n1
1536,CC(=O)N1CCc2ccc(N(C(=O)/C=C/c3cccc(C#N)c3)C3CCN(CCC4CCCC4)CC3)cc21
1537,CCc1cc(=O)[nH]c(SCCN2CCCCC2)n1
1538,c1ccc(COc2ccc(CNCC3CCNCC3)cc2)cc1
1539,Cc1ccnc(Oc2cc(N)ccc2C)c1
1540,CC(C)c1nnc(CN2CCN(c3nccs3)CC2)o1
1541,CCN1CCN(S(=O)(=O)Cc2ccc(Cl)c(Cl)c2)CC1
1542,C#CCNC(=O)CCc1c(C)nn(C)c1C
1543,Cc1nc(-c2ccc(S(=O)(=O)N(C)C)cc2)cc(C(C)C)n1
1544,Cc1ccc(C(=O)Nc2ccccc2C(C)(C)C)cn1
1545,Cc1cc(NC(=O)CCc2c(C)nn(C)c2C)no1
1546,Cc1cnc(CNCc2cccc3c2OCO3)s1
1547,COc1ncnc2c1CN(Cc1c[nH]nc1-c1ccc(F)cc1)CC2
1548,Cn1ncnc1COc1nn2c(-c3c(F)cccc3F)nnc2cc1C1CCC1
1549,CN1CCc2ccc(C(=O)NCCC(=O)Nc3cccnc3)cc21
1550,O=C(CCCC(=O)N1CCN(c2nsc3ccccc23)CC1)Nc1nccs1
1551,CCn1nccc1-c1cc(C)nc(N2CCCC2)n1
1552,Cc1nn(C)c2ncc(C(=O)Nc3ccc4c(c3)CCO4)cc12
1553,Cc1cccc(-n2cnnc2CCCN2CCOCC2)c1
1554,COc1cc(CCNC2CCC3(CC2)OCCO3)ccc1F
1555,Cc1c(CN2CCC(Nc3ncnc4sc(CC(F)(F)F)cc34)CC2)ccc2[nH]c(C#N)cc12
1556,O=C(NC1CCCC1)C1=CCN(C(=O)C2CC2)C1
1557,N#CCN(C(=O)c1cn(-c2ccc(Br)cc2)cn1)C1CC1
1558,CN(CC1(CO)CCCC1)C(=O)CCN1CCCCC1=O
1559,COc1ncnc(C)c1-c1cccc(OC(C)C)c1
1560,O=C(Nc1nccs1)C1CCN(C(=O)CN2CCc3ccccc32)CC1
1561,Cc1nnc(NCc2cccnc2)c2ccccc12
1562,O=C(Nc1cn(CCOCC(F)(F)F)nc1-c1ccccn1)c1coc(-c2cn[nH]c2)n1
1563,[2H]c1nc(C)nc([2H])c1-c1cc(NC[C@@H](C)c2cccc3c(C(=O)NC)ccnc23)ncn1
1564,O=c1n(CCc2ccncc2)nnn1-c1ccccc1
1565,Cc1cc2nc(Sc3nnc(C)n3C)c3ccccc3n2n1
1566,CCOc1cccc(NS(C)(=O)=O)n1
1567,CC(C)c1cccc(CN2C(=O)N(C)C3(CCCCC3)C2=O)n1
1568,Cc1c(C(=O)NCc2cnc(N(C)C)n2C)sc2ccccc12
1569,CC1(C)CC(Oc2ccc(-c3ccc(-c4cn[nH]c4)cc3O)nn2)CC(C)(C)N1
1570,c1ccc2nc(N3CCCC4(CCNCC4)CC3)cnc2c1
1571,Cn1cnnc1-c1cccc(NS(=O)(=O)c2cc3c(cc2Cl)OCCO3)c1
1572,COc1cccc(O[C@H]2CCN(C(=O)c3cc(-c4ccc(C)cc4)on3)CC[C@@H]2O)c1
1573,Cc1nc(-c2ccccc2)nc(O)c1C
1574,O=C(Nc1nc2cc(C(F)(F)F)cc(NC3CC3)n2n1)c1cccnc1
1575,OC1CCN(c2ncc(-c3cnccn3)c(-c3cccs3)n2)CC1
1576,O=C(Nc1ccc(Cl)nc1)NC1CCN(C2CCCC2)CC1
1577,O=C(O)c1nc(-c2ccccc2)oc1-c1ccccc1
1578,O=c1c2cccnc2ncn1[C@H]1CCN(Cc2ccccc2)C1
1579,CN(C)CCOc1cc(-c2cn[nH]c2)ccc1NC(=O)C1COc2ccccc2O1
1580,Cc1nn(CCNS(=O)(=O)N2CCCCC2)c(C)c1C
1581,COc1ccc(F)c(CN2CCC(Cc3noc(C)n3)CC2)c1
1582,Cc1ccc(C)c(-n2c(S)nnc2-c2ccc(O)cc2)c1
1583,CC1=CCN(C(=O)c2cc(C)nc3cc(C)cc(C)c23)CC1
1584,Cc1cc(-c2cn(C)nc2[C@H]2CC[C@H](CNC(=O)C(C)C)CC2)on1
1585,Cc1csc(N2CCN(Cc3ccc(OCC(F)(F)F)nc3)CC2)n1
1586,NC(=O)COc1ccccc1-c1ccccc1
1587,CN(C)c1ccnc2sc3c(=O)n(N4CCCCCC4)cnc3c12
1588,CCc1nc(CN2C(=O)COc3ccc(F)cc32)cs1
1589,COc1cc2c(cc1OC)CN(C(=O)C1CCCN(C(C)=O)C1)CC2
1590,Cc1ccc(OC[C@@H](O)[C@H](C)NC(C)C)c2c1CCC2
1591,COc1cccc(NC(=O)[C@H]2CCCN(S(=O)(=O)c3ccc(C)cc3)C2)c1
1592,COCCCNc1ncc(-c2cc(C)no2)c(C(C)C)n1
1593,O=C(NCCN1CCC(c2ccccc2)CC1)c1ccc2ncsc2c1
1594,C[C@]1(O)CN(C(=O)Cn2cnc3ccccc32)CC[C@@H]1Oc1ccccc1
1595,CCN(Cc1ccncc1)[C@@H]1CN(C(=O)c2ccccc2)C[C@H]1O
1596,CCNC(=O)C1CN(c2nc(C3CC3)nc3c2CCC3)C1
1597,Nc1nnc(-c2ccc3c(c2)OCCO3)o1
1598,Cc1nccn1-c1cncc(N2CCN(CC3CCCC3)C(=O)C2)n1
1599,COc1ccccc1CC(=O)Nc1ncc(C)s1
1600,O=C(Nc1ccc(F)cc1F)N1CCn2c1nc1ccccc12
1601,CS(=O)(=O)NC1CCCN(c2nc3ccccc3o2)C1
1602,CC(c1nnc(-c2cccs2)o1)N1CCC(n2c(=O)[nH]c3ccccc32)CC1
1603,CCc1nc(N2CC(CO)C2)c2ccsc2n1
1604,C=CCn1c(=O)c2cnc(Nc3ccc(N4CCN(C)CC4)cc3)nc2n1-c1cccc(C(C)(C)O)n1
1605,c1ccc(-c2c(-c3ccc(OCCN4CCCC4)cc3)[nH]c3ncnc(NCC4SCCS4)c23)cc1
1606,O=C(CCCc1nc2ccccc2[nH]1)N1CCCC1
1607,C=C(C)COc1cccc(C(=O)NCc2nncn2C2CCCCC2)c1
1608,CCS(=O)(=O)Cc1ccn(-c2cccc(F)c2)n1
1609,Cc1c(C(=O)NCCCN(C)C)sc2ncnc(Nc3ccc(F)cc3OC(C)C)c12
1610,Clc1ccc(NCc2ccoc2)nn1
1611,O=C(NC[C@]1(O)CCN(Cc2ccsc2)C[C@H]1O)c1c[nH]cn1
1612,CS(=O)(=O)CCc1nc(C2(c3ccccc3)CC2)nn1-c1ccccc1
1613,Cc1cc(C(=O)N(C)c2nc3ccccc3s2)cc(O)n1
1614,OCC1CN(c2nc3cc(F)ccc3o2)C1
1615,Cc1ccc(S(=O)(=O)N2CCC(c3nnc(-c4cccnc4)o3)C2)cc1
1616,c1cc2c(N3CCNCC3)nc(-c3ccnc(NC4CCCCC4)c3)cc2cn1
1617,CC(C)(C(=O)c1ccccc1)/[N+]([O-])=C/c1ccc(F)cc1
1618,Cc1ccc(-n2nc(C(=O)N3CC(O)C3)c3c2CCCC3)cc1
1619,CC(C)(O)CCn1cc2cc(NC(=O)c3ccn(C(F)F)n3)c(OCC3COC3)cc2n1
1620,O=S1(=O)CCN(C2CCN(CC(F)(F)F)CC2)CC1
1621,CCCCOc1ccc(C(=O)NCc2cc(C)on2)cc1
1622,COC(=O)C1=NOC2(CCN(CCCCCF)CC2)C1
1623,OCCC1(CNc2ncc(Br)cn2)CC1
1624,Cc1sc2nc(CN3CCC(C)CC3)nc(N3CCN(c4cnccn4)CC3)c2c1C
1625,Cc1cc(N(C)C)nc(N(C)Cc2csc(C)n2)n1
1626,Cc1cc(C(F)(F)F)nc(CCNC(=O)N(C)Cc2c(C)noc2C)n1
1627,Cc1cc(C)cc(C(=O)Nc2c(C#N)cnn2C)c1
1628,OC[C@@H](c1ccccc1)n1cc(CCc2ccccc2)nn1
1629,C[C@H](c1nc(=O)c2cnn(C3CCOCC3)c2[nH]1)N1CC(Oc2ccccc2)C1
1630,COc1cc2c(cc1OC)[C@@H]1Cc3ccc(OC)c(OC)c3CN1CC2
1631,Cc1nn(-c2ccc(F)cc2)c(Cl)c1C(=O)N1CCC(S(=O)(=O)C(C)C)CC1
1632,COCC1(C(=O)N(C)Cc2ccc3ccccc3n2)CCC1
1633,Cc1ccsc1CN(C)C(=O)[C@@H]1CCCN1C(=O)NC(C)C
1634,Cc1nn(CCC#N)c(C)c1Oc1ccccc1O
1635,Nc1nc(N)c2nc(-c3cccc(O)c3)c(-c3cccc(O)c3)nc2n1
1636,Clc1cc2ncc(-n3ccnc3)nc2cc1Cl
1637,O=C(Nc1ccc2c(c1)N(CC(F)F)C(=O)CS2)C1CC=CC1
1638,NC(=O)c1csc(CN2CCc3cc(F)ccc3C2)c1
1639,Cc1ccc(CNC(=O)c2cccnc2)n1C
1640,Cc1cc(C(=O)Nc2nnc3n2CCCC3)n(C)n1
1641,Cn1ccc2c(C(=O)Nc3ncn(Cc4cccnc4)n3)cccc21
1642,CC(=O)Nc1cccc(OCC(=O)N2CCCCC2)c1
1643,c1ccc(-c2noc(NC3CC3)n2)cc1
1644,Cc1nc2ncc3c(n2n1)CCCC3=O
1645,CSc1ccccc1S(=O)(=O)NC1CCC(CN(C)C)CC1
1646,COc1cccc(Oc2ccc(NC(=O)CN3CCCCC3=O)cn2)c1
1647,CCc1nnc(N2CCCO2)c(C#N)c1CC
1648,Fc1cc(Br)ccc1CNCc1ccccn1
1649,CCCc1noc(CN2CCN(c3ccccc3OC)CC2)n1
1650,C=CCN(Cc1cccnc1)c1nc(C)nc2sccc12
1651,CCN1CCc2ncnc(N3CCNc4ccccc4C3)c2C1
1652,COc1cccc(CN(C)c2ncnc3c2CN(C)CC3)c1
1653,Cc1ccc(NC(=O)OCC(F)(F)F)cn1
1654,O=C(Nc1ccc2sccc2c1)N1CCCN(C(=O)Oc2ccccc2)CC1
1655,CC(=O)Nc1cccc(CN2CCCN(C(C)=O)c3ccccc32)c1
1656,CC1(c2nnc(-c3ccc4c(c3)OCCO4)o2)CCOCC1
1657,CC(=O)Nc1ccccc1CN1CCC(c2nnc3ccccn23)CC1
1658,CN(CC(=O)Nc1cccc(S(=O)(=O)N2CCCC2)c1)C1CCCCC1
1659,Cc1cc(NC(=O)[C@H](C)N(C)C)c2ccccc2n1
1660,NC(=O)CCCSc1nc(N)nc(-c2c(Cl)cc3c4c(cccc24)COC3)n1
1661,O=C(NCC1=CCCN(Cc2cc(F)ccc2Cl)C1)c1ccco1
1662,CN(Cc1nc(N)c2ccccc2n1)Cc1ccc(F)cc1F
1663,COCCNc1ncnc2ccsc12
1664,C[C@@H](NC(=O)N1CCC2(CCOCC2)CC1)c1ccc(F)cc1
1665,Cc1ccc(Cn2nccc2NC(=O)c2ccncc2)o1
1666,C[C@H]1NC(=O)N(CCc2nc(C(F)(F)F)cs2)C1=O
1667,CC(C)(C)C(=O)Nc1nnc(Cc2ccccc2)s1
1668,CN(c1ncc(F)cn1)[C@H]1CCCNC1
1669,Cc1nc(C)c2c(C)c(C(=O)N(C)Cc3ccc(C)o3)sc2n1
1670,Cn1cc(NC(=O)c2ccc(OCC3CCOCC3)nc2)cn1
1671,N#Cc1ccnc(Nc2ccc(F)cc2)c1
1672,O=S(=O)(N1CCOCC1)N1CCN(Cc2ccccc2F)CC1
1673,COCC1(c2nc(-c3ccncc3)nn2Cc2cccc(Cl)c2)CC1
1674,O=C(C(c1ccccc1)c1ccccc1)N1CCOCC(Cc2ccc3cnccc3c2)C1
1675,Fc1cc(-c2ccncc2)ccc1CNc1ncccn1
1676,CNC(=O)CN(C)c1cccc(F)c1C#N
1677,CONC(=O)c1c(C)nn(C)c1Cl
1678,CC(C)(O)CCn1cc2cc(NC(=O)c3cccc(C(F)F)n3)c(OCC3COC3)cc2n1
1679,O=c1c2cccnc2ncn1[C@H]1CCCc2ccccc21
1680,Cc1nc(CN2C[C@@H](c3ccc4c(c3)OCO4)[C@@H]3[C@H]2C2CCN3CC2)co1
1681,O=C(c1cccc(N2CCNC2=O)c1)N1CCc2ccccc2C1
1682,COc1cccc(C)c1C(=O)N(C)CCCn1cccn1
1683,O=C(Nc1cccc2ncccc12)[C@H]1CCCN(S(=O)(=O)c2ccccc2)C1
1684,Cc1sc2ncnc(OCC(=O)NC3CCCCC3)c2c1C
1685,COc1cc(OC)cc(N(CCNC(C)C)c2ccc3ncc(-c4cnn(C)c4)nc3c2)c1
1686,C=CC(=O)Nc1cccc(Oc2nc(Nc3ccc(N4CCN(C)CC4)cc3)nc3ccoc23)c1
1687,COc1cc2nn(CCC(C)(C)O)cc2cc1NC(=O)c1ccn(C(F)F)n1
1688,Cc1cc(Nc2ccc3c(c2)oc(=O)n3C)nc(C2CC2)n1
1689,Cc1cc(C(=O)NCC2CCN(c3ccc4ccccc4n3)CC2)cnc1C
1690,Cc1csc(Cc2nc(-c3ccc(O)cc3)no2)n1
1691,N#Cc1cc(Oc2ccc3c(c2)CCC3)ncn1
1692,Cc1ncccc1CNc1nnc(C(C)(C)C)s1
1693,COc1ccccc1CNc1cn[nH]c(=O)c1Cl
1694,C[C@@H](C(=O)N1CCCC1)N1CCC(n2c(=O)[nH]c3ccccc32)CC1
1695,Cc1nnc2ncc(-c3cccc4ccnn34)cn12
1696,O=C(NCCNC(=O)c1cc(-c2ccccc2)nc2ccccc12)c1ccco1
1697,Cc1ccc(C(=O)N2CCC(Cc3ccccc3-c3ccccc3)(C(=O)N(C)C)CC2)s1
1698,Cc1ccc(C(=O)NC2CCN(CC#N)CC2)cc1Br
1699,O=C(/C=C\n1cnc(-c2cc(C(F)(F)F)cc(C(F)(F)F)c2)n1)NNc1ccccn1
1700,COCCN1CCOc2nc3c(C)cccc3cc2C1
1701,CN(CC(=O)NC1(C#N)CCCC1)c1ccccc1
1702,Clc1ccc(CSc2nc(-c3ccccc3)c[nH]2)cn1
1703,O=c1cc2c(n[nH]1)-c1cnc(N3CCCCC3)nc1CC2
1704,COc1nc2c(cc1CNC(=O)N1CC[C@@H](O)C1)C(=O)N(C1CCCC1)C2
1705,CNc1ncnc2c1ncn2[C@H]1CC[C@H](NC(=O)CCCNC(=O)OC(C)(C)C)[C@H](O)[C@H]1O
1706,O=C(c1ccc(Oc2ccccc2)cc1Cl)c1c[nH]c2ncnc(N[C@@H]3CC[C@@H](CO)OC3)c12
1707,Nc1ncc(C(=O)NC2CN(C(=O)C3CC3)C2)c2ccc(-c3cccc(F)c3)nc12
1708,CC(C)c1nnc(NCc2cc(F)cc(F)c2)o1
1709,CCn1cc(CN2CCC(c3nc(N(C)C)ncc3-c3ccc(OC)cc3)CC2)c(C)n1
1710,O=C1NC2(CCCCC2)C(=O)N1Cc1csc(-c2ccccc2)n1
1711,CN(Cc1cccc(Cl)c1Cl)Cc1cc(=O)n(C)c(=O)n1C
1712,O=C(CCc1ccc2c(c1)OCO2)Nc1nc2c(s1)CCC2
1713,COc1cccc(CC(=O)Nc2ccc3nc(C)sc3c2)c1
1714,O=C(NCc1ccccc1)c1ccc(NS(=O)(=O)c2ccc(C3CCCCC3)cc2)cc1
1715,CNC(=O)CCc1nc(-c2ccccn2)no1
1716,CCc1nnc(Nc2cc(C)nc(C3CN(C(=O)C(C)C)CCO3)c2)s1
1717,c1ccc(NCc2ccc3c(c2)OCCCO3)nc1
1718,CC(C)(C)NC(=O)c1cncn1C1CCN(c2ccc(-c3nnc(C(F)(F)F)o3)cn2)CC1
1719,CN1CCN(c2ccc(NC(=O)c3ccccc3Cl)nc2)CC1
1720,COCc1ccccc1CNc1ccc2nnc(-c3ccccc3)n2n1
1721,Cc1noc2ncnc(N3CCCN(C(=O)C4CC4)CC3)c12
1722,COc1ccccc1-c1cc(C(C)(C)C)nc(-c2ncccn2)n1
1723,Clc1ccc2c(c1)CCc1cccnc1C2=C1CCNCC1
1724,O=C(Cn1nc(Cc2ccccc2)c2ccccc2c1=O)NCc1ncc[nH]1
1725,CCN(C(C)=O)c1ccc(C)cc1C(=O)O
1726,CN(C)C(=O)CN1CCN(C(=O)c2ccc3ccccc3c2O)CC1
1727,c1ccc(-c2noc(Cn3ccnc3)n2)nc1
1728,CCc1oc2c(-n3cnnc3)cccc2c1C
1729,CCCC(=O)Nc1ccc(C)c2ncccc12
1730,COc1ccc(CNC(=O)c2cc(-c3cncc(C)c3)ncc2-c2nccs2)nc1OC
1731,COCCN(C)C(=O)c1ccc(-c2cccc(-c3noc(C)n3)c2)cc1
1732,O=C(O)c1cnn(-c2nc3cc(Cl)c(OC(F)(F)F)cc3[nH]2)c1
1733,COc1ccc(C(=O)N2CCCC2)cc1NC(C)C
1734,Cc1cc(C)c(CC(=O)N2CC(CO)C2)c(C)c1
1735,COCC(=O)N1CC[C@H](c2nnc(-c3ccc(C)cc3)o2)C1
1736,O=C(Nn1cnc2ccccc21)c1cc(Cl)ccc1F
1737,OCCN1CCC(c2ccncn2)CC1
1738,COc1ccccc1CC(=O)NC1CCN(C)CC1
1739,O=C(NCC1CC1)c1ccc(-n2ccnc2)nc1
1740,O=C(NCC1(c2ccc(F)cc2)CCOCC1)c1ccccn1
1741,CCN1CCc2ncnc(N(C)Cc3ccc4c(c3)OCCO4)c2C1
1742,O=C(c1ccccc1-n1cccn1)N1CCN(Cc2cccnc2)CC1
1743,N#CCCN(c1ncnc2sccc12)C1CC1
1744,COc1c(C)cnc(CN(C)S(N)(=O)=O)c1C
1745,CCn1nc(C2CCCC2)nc1-c1ccncc1
1746,CNC(=O)c1ccc(N2CCCc3cc(OC)ccc3C2)nn1
1747,C#CCNC(=O)N(Cc1ccccc1F)C1CCOCC1
1748,CC(=O)Nc1ccc(C(=O)N2CCCCC2c2nc(N)ncc2-c2ccc(Cl)cc2)cc1
1749,CN1CCCN(c2nc(C(F)(F)F)nc3cc4c(cc23)OCO4)CC1
1750,O=C(CCCc1nnc(-c2ccccc2)o1)Nc1cccc2ccccc12
1751,CCCCOc1nc(N)c2c(n1)N(Cc1cccc(CN3CCCC3)c1)CC(=O)N2
1752,Clc1snnc1CN1CCCN(c2nc3ccccc3[nH]2)CC1
1753,OC(Cn1cncn1)(Cn1cncn1)c1ccc(F)cc1F
1754,CN(CCSc1ccc2nnc(C(F)F)n2n1)Cc1ccccc1
1755,CCOCCNC(=O)c1cccc(-c2cc(F)ccc2OC)c1
1756,Cc1c(C(=O)N2CCC(C(=O)Nc3ccc4c(c3)OCO4)CC2)oc2c(F)cccc12
1757,CC(=O)N1CCCN(Cc2c(C)nn(C)c2Cl)CC1
1758,Cc1ccccc1-n1nc(C(C)(C)C)cc1N
1759,CCCn1c(=O)n(Cc2ccc(C#N)cc2F)c2ccccc21
1760,Cc1cnn(Cc2nc(Cn3cccn3)no2)c1
1761,N#Cc1ccccc1-c1ccc(-c2nccn2-c2cccnc2)o1
1762,Cc1cnc(N2CCSCC2)nc1N1CCSCC1
1763,CC(=O)N1CCC(CNc2nccc3cccnc23)CC1
1764,CC(=O)Nc1ccnn1C1CCN(Cc2ccccc2C#Cc2ccccc2)CC1
1765,CCc1c2c(nc3ccc(OC(=O)N4CCC(N5CCCCC5)CC4)cc13)-c1cc3c(c(=O)n1C2)COC(=O)[C@]3(O)CC
1766,Cc1nnc(COc2cccc(-n3ccnc3)c2)n1C1CC1
1767,N#CN1CCC[C@H](n2nc(-c3ccc(Oc4ccc(F)cc4F)cc3)c(C(N)=O)c2N)C1
1768,Cc1cc(C(=O)N(C)C2CCSCC2)c(=O)n(C)c1C
1769,Cc1cc(C)n(-c2cc(Nc3ccccc3C)ncn2)n1
1770,CN(Cc1cccnc1)Cc1ccc(C#N)o1
1771,O=C(NCc1ccc(CO)c(F)c1)Nc1ccccc1
1772,O=C(Nc1cccc(-c2cnco2)c1)C1(c2cccc(F)c2)CCOCC1
1773,Cc1ccc(NC(=O)Cc2c[nH]c3ccccc23)cc1
1774,O=c1[nH]c2cnccc2n1Cc1ccccc1
1775,CSc1ncccc1C(=O)Nc1ccc(N2CCCCC2=O)cc1
1776,CCn1c(CO)nn(-c2cc(O[C@@H](C)C(F)(F)F)c(C(=O)Nc3c(F)cccc3Cl)cc2F)c1=O
1777,Fc1cccc(N2CCCC2)c1CN1CCN(Cc2ccon2)CC1
1778,Cc1ccnc(NC(=O)CN2CCCC2=O)c1
1779,O=C(CSC1CCCC1)NCCn1nc2c(cc1=O)CCCC2
1780,C=CC[C@]1(O)CC[C@H]2[C@@H]3CCC4=CC(=O)CCC4=C3C=C[C@@]21C
1781,COCC(=O)Nc1ccc(NC(=O)Cc2cc(C)ccc2C)cc1
1782,O=C(c1cccc(Nc2ncccn2)c1)N1CCOCC(Cc2cccc3ccncc23)C1
1783,Cc1cnc(-c2nc(NCc3ccccn3)ncc2-c2onc(C)c2C)cn1
1784,Cc1cc(C)nc(N(C)CC(=O)NC2CC2)n1
1785,Cc1c(-c2ccc(O)cc2)n(Cc2ccc(OCCN3CCCCCC3)cc2)c2ccc(O)cc12
1786,CCOc1ccc(-c2ccccc2NC(=O)COC)cc1
1787,COCC(=O)Nc1ccc(NC(=O)Cc2ccc(C(F)(F)F)cc2)cc1
1788,Cc1cc(C)nc(-n2nc(C)c(CC(=O)NC3CCCCCC3)c2C)n1
1789,CS(=O)(=O)c1ccc(-c2cnc(NCc3ccco3)n3cnnc23)cc1
1790,Cc1cc(C)n2ncc(C(=O)NC3CCCCC3)c2n1
1791,CC(C)C(=O)N1CCC(Nc2ncnc3ccsc23)CC1
1792,Cn1c(-c2ccccc2)cnc1NCc1ccccc1
1793,CCN(C(=O)N1CCC(OC2CCOCC2)CC1)C(C)C
1794,CCCn1cnnc1CN(C)Cc1ccc(C(F)(F)F)nc1
1795,c1ccc(CN2CCn3nccc3C2)cc1
1796,Cc1c(-c2c(F)cc(C(N)=O)c3[nH]c4c(c23)CC[C@H](C(C)(C)O)C4)cccc1-n1c(=O)c2cccc(F)c2n(C)c1=O
1797,CC(C)(C)C(=O)N1CCC(CN2C(=O)C(=O)N(C3CCCC3)C2=O)CC1
1798,COc1ccccc1/C=C/CN1CCCC2(C1)OCCO2
1799,CCC(=O)NCCNC(=O)c1cc(-c2ccccc2)nc2ccccc12
1800,CCCN(CCC1=CCCCC1)C(=O)c1cc(C(F)F)n[nH]1
1801,CC(C)CC(=O)N1CCC(Cc2cccc(-c3cncnc3)c2)(C(=O)NC(C)C)CC1
1802,CC(C)(C)c1ccc(C2=NC3(CCNCC3)NC2=O)cc1
1803,Cc1ncn(Cc2noc(-c3ccccc3O)n2)c1C
1804,COc1ccc(C(=O)C2CCN(CC(=O)N(Cc3nc4c(c(=O)[nH]3)COCC4)CC3CC3)CC2)cc1
1805,CCc1ccccc1NC(=O)CCn1ccnc1-c1ccc2c(c1)OCO2
1806,Cc1ccc2c(c1)C(=O)CC1(CCN(C(=O)c3ccc4nc(C)cc(O)c4c3)CC1)O2
1807,O=C(Nc1cnccc1-c1ccc(Cl)cc1)c1ccnc(NC(=O)C2CC2)c1
1808,O=C(Cc1ccccc1F)N1CCN(c2nccn3nc4c(c23)CCCC4)CC1
1809,CCc1ccc(CNc2nncs2)o1
1810,CS(=O)(=O)N1CC(c2n[nH]c3ncccc23)C1
1811,Cc1nnc(-c2ccccc2-c2ccc(O)cc2)s1
1812,Cc1ccc(C(=O)NCCc2csc(C)n2)cn1
1813,Cc1cc(NC(=O)c2cccs2)no1
1814,O=c1c2c(C(F)(F)F)cccc2ncn1CCc1ncc[nH]1
1815,COC(=O)N[C@H](C)CNc1nccc(-c2cn(C(C)C)nc2-c2cc(Cl)cc(NS(C)(=O)=O)c2F)n1
1816,CC(C)(C)c1[nH]cnc1/C=c1\[nH]c(=O)/c(=C/c2ccccc2)[nH]c1=O
1817,CC#CC(=O)N1CCC[C@@H]1c1nc(-c2ccc(C(=O)Nc3ccccn3)cc2)c2c(N)nccn12
1818,CCc1cc(CNC(=O)NC2CCN(CC3CCCCC3)CC2)on1
1819,COCc1nc(-c2cc(F)ccc2F)c(C)s1
1820,CC(C)CC(=O)NCC(=O)N1CCCC1
1821,Nc1ncnc2c1c(-c1cnc3[nH]ccc3c1)nn2C1CCCC1
1822,Cc1ccc2nc(C)c(-c3nc(C)nn3CCO)cc2c1
1823,CC(C)(C)C(=O)N1CCC(CN(CC(N)=O)C2CCCC2)CC1
1824,Cc1ccccc1-c1nc(Cn2ccnc2C(C)C)c(C)o1
1825,C[C@@H](c1ccccc1)N(C)C(=O)NCCN(C)CCO
1826,CSC1(CNC(=O)N2CCC=C(c3ccccc3)C2)CCOCC1
1827,Cc1ncc(CN2CC[C@@H](Nc3cncc(Cl)n3)[C@@H](C)C2)s1
1828,CS(=O)(=O)NCCN1CCc2c(Cl)cc(Cl)cc2C1
1829,CCCn1ncc2ccc(C3CCCN(CC(=O)N4CCCC4)C3)nc21
1830,Nc1ccc2c(c1)ncn2CCc1ccccc1
1831,COc1ccc(OCC(=O)N2CCN(C)CC2)cc1
1832,Cc1cccc(NC(=O)c2cccnc2N2CCCCC2)n1
1833,CC1CCC(N(Cc2nnc(C3CCC3)o2)C2CCC(O)CC2)CC1
1834,c1ccc(Cc2nnc(NC3CCOCC3)s2)cc1
1835,CN1CC[C@@H](c2c(O)cc(O)c3c(=O)cc(-c4ccccc4Cl)oc23)[C@@H]1CO
1836,CSc1ccc(C)c(C(=O)NCCN2CCC(C)CC2)c1
1837,COc1cccc(OCCCn2cncc2-c2cc3c(cc2OC)OCCCO3)c1
1838,C[C@H](NC(=O)CCC(F)(F)F)C(=O)N[C@@H]1C(=O)N(CCO)c2ncccc2-c2ccccc21
1839,Cc1cccc(NC(=O)c2ccccc2-c2ccccc2)n1
1840,CN(C)C1=N[C@@H]2[C@@H](O)[C@H](O)[C@@H](CO)O[C@@H]2S1
1841,Cc1cc(Nc2ccc(F)cn2)cc(C2CCN(C(=O)CCn3ncc4ccccc43)C2)n1
1842,O=C(NCc1ccc(F)cc1)c1ccc(-n2ccnc2)nc1
1843,CCN(CC)C(=O)CSCc1cncc(F)c1
1844,CCn1ccc2cc(C(=O)N3CCN(c4ccc(C)cc4)C(=O)C3)ccc21
1845,COc1ccc(OC)c(S(=O)(=O)Nc2cccc(CCc3ccccn3)c2)c1
1846,Fc1ccccc1-c1c[nH]nc1C1CCCN1Cc1ccc2ncccc2c1
1847,COc1ccc2nc(C)c(C(=O)Nc3ccccc3N3CCCC3)cc2c1
1848,Cc1cc(Nc2ccccn2)cc(C2CCCN(CC(=O)Nc3ncc(C)s3)C2)n1
1849,Cc1nc(N)c2c(C(F)(F)F)cc(C3CCN(C(=O)Cc4ccc(F)cc4)CC3)nc2n1
1850,Cc1ccccc1-n1c(CC2CCN(C(=O)C3CC3)CC2)n[nH]c1=O
1851,CCc1ccc(NC(=O)C2CCN(c3ccc4nncn4n3)CC2)cc1
1852,O=C(CC[C@@H]1CCCN2CCCC[C@H]12)NCc1cnc2c(c1)CCC2
1853,O=C(NCCc1nnc2n1CCC2)c1ccc2c(c1)CCC2
1854,CN(Cc1cccc(C#N)c1)Cc1cnn(C)c1
1855,Cc1nccn1CCNC(=O)C(C)(C)C
1856,COc1ccc2nc(C)nc(N3CC(O)(c4ccc(F)cc4)C3)c2c1
1857,CN(Cc1nncn1C)C1CCN(c2ccccc2F)CC1
1858,COc1ccc(OCC(=O)Nc2cccc(Cl)c2N2CCN(C(C)=O)CC2)cc1
1859,Cc1c[nH]c(C(=O)NCC2(N3CCCCC3)CCCC2)n1
1860,COC(=O)C1=NOC2(CCN(CCC(C)(C)C)CC2)C1
1861,C[C@@H]1CCN(C(=O)CC#N)C[C@@H]1N(C)c1ncnc2[nH]ccc12
1862,COc1ccc(-c2cccc(C3CCCN(CC(=O)Nc4ccccn4)C3)n2)cc1
1863,C#CCOc1ccc(C(=O)NN2CCCC2=O)cc1
1864,CCCC(=O)Nc1ccc(-n2cccn2)nc1
1865,CN(Cc1ccc(OC(F)(F)F)cc1)Cc1cn(C)nn1
1866,O=C1Oc2nc3cc4c(cc3cc2CN1CCN1CCOCC1)OCO4
1867,COc1cc(OC)cc(-c2c(C)ncnc2OC)c1
1868,C1CCC(OCc2noc(C3CC3)n2)CC1
1869,Cc1sc2nc(CN3CCOCC3)nc(N3CCN(c4ccncc4)CC3)c2c1C
1870,CCN(Cc1nc(C)no1)C(=O)c1cc(C)c(C)n(C)c1=O
1871,CCCc1cc(O)nc(SCC(=O)N2CCN(C)CC2)n1
1872,COc1cccc(NC(=O)CNc2cccc(-c3ccnc(C)n3)c2)c1
1873,O=C1Nc2ccccc2O[C@H]2C[C@@H]1N(CC1CC1)C2
1874,Cc1cccc(OC[C@@]2(O)CN(C[C@]3(O)CC[C@@H](C(C)(C)C)CC3)CC[C@@H]2O)c1
1875,CN(Cc1ccc(N)nc1)c1nc2cc(F)ccc2o1
1876,Cc1oc(C)c(C(=O)NCC#Cc2ccccc2)c1C
1877,CC(C)Oc1ccc(C#N)cc1NC1CCN(C)CC1
1878,CN(C)S(=O)(=O)CCCN1CCc2ccccc2CC1
1879,CCOc1ccc(-c2csc(N)n2)cc1
1880,COC(c1ccccc1)(c1ccccc1)[C@H](Oc1nc(C)cc(C)n1)C(=O)O
1881,CNC(=O)c1cnc(/C=C/c2csc(-c3cccs3)n2)s1
1882,Cc1ccc2nc(-c3ccc(N(C)C)cc3)[nH]c2c1
1883,CCC(=O)N1CCN(c2ccc(Cl)cc2NC(=O)COc2ccccc2)CC1
1884,COc1cc(CN2C[C@H]3CCc4c(nc(C)[nH]c4=O)[C@H]3C2)cc(OC)c1OC
1885,COc1cc(CNc2nc3ccccc3nc2C)ccn1
1886,Cc1nc2c(c(N(C)Cc3ccccc3)n1)CCN(Cc1ccccc1)C2
1887,CCOc1cccc(-c2cccc(N)n2)c1
1888,COc1ccnc(N2CC(O)(C3CC3)C2)n1
1889,CCC(Nc1cnn(C)c1)c1ccc2c(c1)OCCO2
1890,O=C(c1ccccc1-c1ncc(-c2ccccc2F)o1)N1CCC1
1891,Cc1noc(C)c1CSC(=N)N1CCOCC1
1892,Cc1nc2ncc3c(n2n1)CC(C)(C)CC3=O
1893,Cc1cccc2sc(NC(=O)C(C)(C)C)nc12
1894,CCOc1ccnc(NCCCc2nc3cc(F)ccc3[nH]2)n1
1895,CCC(=O)N(C)CC(=O)Nc1cccc(F)c1
1896,Clc1cccc(CNc2nc(C3CC3)no2)c1
1897,C(=C/c1ccccc1)\CNCc1ccc2c(c1)OCO2
1898,C#CCNC(=O)CN1CCCN(C(=O)c2cccc(C)n2)CC1
1899,COc1ccccc1-c1nnc([C@H]2CCN(Cc3ccccc3C)C2)o1
1900,CC1=NN(c2ccc(F)cc2)C(=O)/C1=C(/C)Nc1ccc(S(N)(=O)=O)cc1
1901,CCN(C(=O)CN1CCNC(=O)C1)c1ccc(F)cc1
1902,CCCOc1c2c(nc3cc(C4CCOCC4)nn13)CCC2
1903,CN(C)c1cccc(Cn2ccnc2-c2ccc(O)cc2)c1
1904,CC1(C)O[C@@](C)([C@H]2CC3(CCNCC3)CO2)CC[C@@H]1O
1905,CC(C)c1noc2nc(C3CC3)cc(C(=O)N3CCN(C)C(=O)C3)c12
1906,Cn1cccc(C(=O)NCc2nc(C(C)(C)C)no2)c1=O
1907,Cc1ccc(=O)n(CC2(O)CCN(Cc3cccs3)CC2)n1
1908,CC(C)NCC(O)COc1cccc2ccccc12
1909,O=C(CN1CCc2ccccc21)N1CCC(c2nc3ccccc3[nH]2)CC1
1910,CNCc1cc(N(C)C)nc(C2CCCN2C(=O)c2ccccc2-c2ccccc2)n1
1911,c1ccc(-c2nc(CSc3ccc(-n4cccn4)nn3)cs2)cc1
1912,Cc1cnn(CCNC(=O)C2(Cn3cccn3)CC2)c1
1913,Cc1cc(Nc2nc(N[C@@H](C)c3ncc(F)cn3)ncc2Cl)n[nH]1
1914,Cc1cc(CNc2ncc(C(F)(F)F)cc2Cl)no1
1915,COc1cc2c(cc1OC)CN(C(=O)C1CCCN(C(=O)OC(C)(C)C)C1)CC2
1916,CCN(C/C=C/c1ccc(F)cc1)Cc1nc(COC)no1
1917,COc1ccc(Nc2nc(N)nc(CN3CCN(Cc4ccccc4)CC3)n2)cc1
1918,O=C(CCc1cccs1)Nc1ccc(N2CCOCC2)cn1
1919,Cn1ccnc1CN1CCN(Cc2ccc(F)cc2C#N)CC1
1920,O=C1CCC(=O)N1CCSc1ncc(-c2ccc(F)cc2)[nH]1
1921,CCCCCNC(=N)N/N=C/c1c[nH]c2ccc(OC)cc12
1922,Cc1nnc(CN(C)CC(C)Oc2ccc(Cl)c(Cl)c2)n1C
1923,CCOc1cc(CN2CCc3c(N)nc(N4CCCC4)nc3C2)ccc1OC
1924,CC1CCC(NC(=O)c2oc3ccccc3c2CS(C)=O)CC1
1925,CN(C)CCNc1c2c(c(C#N)c3nc4ccccc4n13)CCCC2
1926,COc1ccc(-c2nc(NC(C)C)ncc2-c2ncc[nH]2)cc1
1927,CNC(=O)c1ccc(N2CCCC2)nc1
1928,Nc1ncc(-c2cc(C3C4CN(C5COC5)CC43)n(CC3CC3)n2)cc1C(F)(F)F
1929,O=C(CN1CCC(n2c(=O)[nH]c3ccccc32)CC1)N1CCc2ccccc21
1930,O=C(NCc1ccc(F)cc1)C1(Cc2ccc(-c3cccnc3)cc2)CCOCC1
1931,Cc1nc(NCc2ccc(F)c(Cl)c2)n(C)n1
1932,CCCNC(=O)CSc1nc2cc(C)ccc2[nH]1
1933,O[C@@H]1CCCC[C@H]1N1CCC(c2ccccc2)CC1
1934,Cc1sc(NC(=O)CN2CCOC(C3CCCO3)C2)c(C)c1C
1935,Cc1ncsc1CN1CCCN(c2nc3ccccc3[nH]2)CC1
1936,CN(CC1(CO)CCC1)C(=O)CCN1CCCCC1=O
1937,CCn1ncc(-c2cc(C(F)F)nc(NCCCOC)n2)c1C
1938,COc1ccc(-c2cc(C(C)(C)C)nc(-c3ncccn3)n2)cc1
1939,CC(=O)N(C)[C@H]1CC2(CCN(C(=O)COc3cc(C)c(Cl)c(C)c3)CC2)OC[C@]1(C)O
1940,Cc1nnsc1CN(C)c1ccc2cc[nH]c2n1
1941,Cc1cc(NC(=O)CN(C)CCOc2ccccc2)on1
